European Space Agency Paris,ACRI-ST S.A.S.,ROUTE DU PIN MONTARD SOPHIA ANTIPOLIS CEDEXFrance,SENTINEL-3 - PREPARATION AND OPERATIONS OF THE MISSIONPERFORMANCE CENTRE (MPC),1/1/2017,12/31/2017,48.8481349,2.3042778,43.6236117,7.0609134
European Space Agency Paris,ACRI-ST S.A.S.,ROUTE DU PIN MONTARD SOPHIA ANTIPOLIS CEDEXFrance,Sentinel-3 OLCI In-flight Performance Analysis,1/1/2017,12/31/2017,48.8481349,2.3042778,43.6236117,7.0609134
European Space Agency Paris,ACS ADVANCED COMPUTER SYSTEMS,VIA DELLA BUFALOTTA 378 00414 ROME Italy,Sentinel-2 Payload Data Ground Segment  (PDGS) system operationsmaintenance and evolutions,1/1/2017,12/31/2017,48.8481349,2.3042778,41.9553446,12.5462901
European Space Agency Paris,AIRBUS DEFENCE & SPACENETHERLANDS(FORMER DUTCH SPACE),MENDELWEG Leiden The Netherlands,Sentinel 2 Satellites C/D Units construction,1/1/2017,12/31/2017,48.8481349,2.3042778,52.1653767,4.4722122
European Space Agency Paris,AIRBUS DEFENCE AND SPACE LIMITED,GUNNELS WOOD ROAD STEVENAGE United Kingdom,HOSTING OPERATION MAINTENANCE EVOLUTION ANDCONTENTMANAGEMENT OF AGENCYS COPERNICUS SENTINELSWORLD WIDEWEB SITES,1/1/2017,12/31/2017,48.8481349,2.3042778,51.9007946,-0.2138421
European Space Agency Paris,AIRBUS DEFENCE AND SPACE LIMITED,GUNNELS WOOD ROAD STEVENAGE United Kingdom,SENTINEL-6A/B-MPPS,1/1/2017,12/31/2017,48.8481349,2.3042778,51.9007946,-0.2138421
European Space Agency Paris,AIRBUS DEFENCE AND SPACE SAS,Route de Verneuil LES MUREAUX France,COPERNICUS DATA AND INFORMATION ACCESS SERVICESOPERATIONS,1/1/2017,12/31/2017,48.8481349,2.3042778,48.9970099,1.9267667
European Space Agency Paris,AIRBUS DEFENCE AND SPACE S.A.U,AVENIDA DE ARAGÓN  MADRID Spain,SENTINEL-3 C/D UNITS - MWR,1/1/2017,12/31/2017,48.8481349,2.3042778,40.4983322,-3.5675982
European Space Agency Paris,AIRBUS DEFENCE AND SPACE S.A.U,AVENIDA DE ARAGÓN  MADRID Spain,SENTINEL-6A/B-HARNESS,1/1/2017,12/31/2017,48.8481349,2.3042778,40.4983322,-3.5675982
European Space Agency Paris,AIRBUS DS GEO SA,RUE DES SATELLITES TOULOUSE CEDEX  4 France,COPERNICUS SPACE COMPONENT DATA ACCESS (CSC DA)  DATAWAREHOUSE,1/1/2017,12/31/2017,48.8481349,2.3042778,43.5532693,1.4873319
European Space Agency Paris,Airbus DS GmbH Sat,Claude-Dornier-Strasse Immenstaad Germany,Sentinel-1 Satellites C/D Units Construction,1/1/2017,12/31/2017,48.8481349,2.3042778,47.6676454,9.3847333
European Space Agency Paris,Airbus DS GmbH Sat,Claude-Dornier-Strasse Immenstaad Germany,Sentinel-2 Satellites C/D Units construction,1/1/2017,12/31/2017,48.8481349,2.3042778,47.6676454,9.3847333
European Space Agency Paris,Airbus DS GmbH Sat,Claude-Dornier-Strasse Immenstaad Germany,SENTINEL-3 C/D UNITS - SLSTR EGSE,1/1/2017,12/31/2017,48.8481349,2.3042778,47.6676454,9.3847333
European Space Agency Paris,Airbus DS GmbH Sat,Claude-Dornier-Strasse Immenstaad Germany,Sentinel-6B Satellite Instrument Construction,1/1/2017,12/31/2017,48.8481349,2.3042778,47.6676454,9.3847333
European Space Agency Paris,AIRBUS DS LTD EX INFOTERRA LTD  EXASTRIUM LTD,Europa House Southwood FARNBOROUGH UnitedKingdom,Preparations and operations of the off-line Processing and Archiving Centres,1/1/2017,12/31/2017,48.8481349,2.3042778,51.2917471,-0.7972756
European Space Agency Paris,ALMATECH SA,EPFL INNOVATION PARK BUILDING D LAUSANNESWITZERLAND,SENTINEL-5  IOMSR ACTIVITY,1/1/2017,12/31/2017,48.8481349,2.3042778,46.5171265,6.5618027
European Space Agency Paris,ARESYS SRL,VIA FLUMENDOSA Milano Italy,Sentinel-1 Satellites C/D Units Construction,1/1/2017,12/31/2017,48.8481349,2.3042778,45.5062855,9.247695
European Space Agency Paris,ASTRIUM GMBH - BUSINESS UNIT SERVIC,POSTFACH 80 11 69 MUENCHEN Germany,DATA RELAY SERVICES FOR COPERNICUS SENTINELS,1/1/2017,12/31/2017,48.8481349,2.3042778,48.1351253,11.5819805
European Space Agency Paris,ATOS CONVERGENCE CREATORS GMBH,AUTOKADER STRASSE WIEN Austria,Sentinel-1 Satellites C/D Units Construction,1/1/2017,12/31/2017,48.8481349,2.3042778,48.2811731,16.3827051
European Space Agency Paris,ATOS INTEGRATION,80 quai Voltaire Bezons Cedex France,COPERNICUS DATA AND INFORMATION ACCESS SERVICESOPERATIONS,1/1/2017,12/31/2017,48.8481349,2.3042778,48.9244674,2.2232955
European Space Agency Paris,BROCKMANN CONSULT GMBH,MAX-PLANCK-STRASSE 2 Hamburg Germany,Sentinel-3 OLCI Spectral Campaign,1/1/2017,12/31/2017,48.8481349,2.3042778,53.5571067,9.924749
European Space Agency Paris,CAPGEMINI TECHNOLOGY SERVICES,5-7 RUE FREDERIC CLAVEL 92287 SURESNESCEDEX France,SENTINEL-2 DEMONSTRATION OF CAPABILITIES FOR COASTALWATERS APPLICATIONS,1/1/2017,12/31/2017,48.8481349,2.3042778,48.8623553,2.2247223
European Space Agency Paris,C-CORE CENTRE COLD OCEAN RES,CAPTAIN ROBERT A. BARTLETT BUILD. ST JOHN`SCANADA,SENTINEL 1 TRANSPONDER STORAGE,1/1/2017,12/31/2017,48.8481349,2.3042778,47.5615096,-52.7125768
European Space Agency Paris,CELESTIA SATELLITE TEST ANDSIMULATION,HUYGENSSTRAAT Noordwijk The Netherlands,Sentinel-2 Satellites C/D Units construction,1/1/2017,12/31/2017,48.8481349,2.3042778,52.2147353,4.4286381
European Space Agency Paris,CNES CST,Avenue Edouard Belin 18 Toulouse France,Cooperation Agreement for the implementation of Sentinel Missions,1/1/2017,12/31/2017,48.8481349,2.3042778,43.561818,1.4817323
European Space Agency Paris,CNES CST,Avenue Edouard Belin 18 Toulouse France,SENTINEL-2 CNES ROUTINE OPERATIONAL PHASE SUPPORT,1/1/2017,12/31/2017,48.8481349,2.3042778,43.561818,1.4817323
European Space Agency Paris,COM DEV EUROPE,TRIANGLE BUSINESS PARK AYLESBURY UnitedKingdom,Sentinel-1C/D AIS Receiver,1/1/2017,12/31/2017,48.8481349,2.3042778,51.7782326,-0.7719485
European Space Agency Paris,CREOTECH INSTRUMENTS SA,ul. Gen. L. Okulickiego WARSZAWA Poland,COPERNICUS DATA AND INFORMATION ACCESS SERVICESOPERATIONS,1/1/2017,12/31/2017,48.8481349,2.3042778,52.229415,21.0971736
European Space Agency Paris,CRISA SA COMPUTADORAS REDES EINGENIERIA,C/.TORRES QUEVEDOS/N MADRID Spain,Sentinel 2 Satellites C/D Units construction,1/1/2017,12/31/2017,48.8481349,2.3042778,40.5344334,-3.6547772
European Space Agency Paris,CRISA SA COMPUTADORAS REDES EINGENIERIA,C/.TORRES QUEVEDOS/N MADRID Spain,SENTINEL-5  SWIR SS ACTIVITY,1/1/2017,12/31/2017,48.8481349,2.3042778,40.5344334,-3.6547772
European Space Agency Paris,CRISA SA COMPUTADORAS REDES EINGENIERIA,C/.TORRES QUEVEDOS/N MADRID Spain,SENTINEL-6A/B-PCDU,1/1/2017,12/31/2017,48.8481349,2.3042778,40.5344334,-3.6547772
European Space Agency Paris,CS SYSTEMES D INFORMATION,ZAC DE LA GRANDE PLAINE F-31506 TOULOUSECEDEX 5 France,Research and User Support (RUS) for Sentinel Core Products,1/1/2017,12/31/2017,48.8481349,2.3042778,43.5904476,1.4920343
European Space Agency Paris,CS SYSTEMES D INFORMATION,ZAC DE LA GRANDE PLAINE F-31506 TOULOUSECEDEX 5 France,Sentinel-2 Payload Data Ground Segment  (PDGS) system operationsmaintenance and evolutions,1/1/2017,12/31/2017,48.8481349,2.3042778,43.5904476,1.4920343
European Space Agency Paris,DEIMOS SPACE S.L.U,RONDA DE PONIENTE 19 EDIF.2 2A PL. TRESCANTOS/MADRID Spain,Sentinel-2 Payload Data Ground Segment  (PDGS) system operationsmaintenance and evolutions,1/1/2017,12/31/2017,48.8481349,2.3042778,40.6050908,-3.7189574
European Space Agency Paris,DLR - GERMAN AEROSPACE CENTER,Linder Höhe COLOGNE Germany,Preparations and operations of the off-line Processing and Archiving Centresfor sentinel satellites,1/1/2017,12/31/2017,48.8481349,2.3042778,50.937531,6.9602786
European Space Agency Paris,DLR - GERMAN AEROSPACE CENTER,Linder Höhe COLOGNE Germany,Sentinel-5P Payload Data Ground Segment  (PDGS) system operationsmaintenance and evolutions,1/1/2017,12/31/2017,48.8481349,2.3042778,50.937531,6.9602786
European Space Agency Paris,DLR - GERMAN AEROSPACE CENTER,Linder Höhe COLOGNE Germany,SUPPORT FOR SENTINEL-1 CONSTELLATION CALIBRATION,1/1/2017,12/31/2017,48.8481349,2.3042778,50.937531,6.9602786
European Space Agency Paris,EARSC - EUROPEAN ASSOC REMOTE SENSI,Rue Beranger BRUSSELS Belgium,SHOWCASING THE BENEFITS BROUGHT BY THE USAGE OF SENTINELSDATA TO SOCIETY ENVIRONMENT AND ECONOMY,1/1/2017,12/31/2017,48.8481349,2.3042778,50.8190792,4.3280866
European Space Agency Paris,EJR QUARTZ B.V,3E BINNENVESTGRACHT Leiden The Netherlands,SENTINEL USER HANDBOOK  TECHNICAL EDITORIAL SERVICE,1/1/2017,12/31/2017,48.8481349,2.3042778,52.1641066,4.4911164
European Space Agency Paris,EUROPEAN SPACE IMAGING GMBH,Arnulfstrasse Munich Germany,COPERNICUS SPACE COMPONENT DATA ACCESS (CSC DA)  DATAWAREHOUSE,1/1/2017,12/31/2017,48.8481349,2.3042778,48.1463495,11.536034
European Space Agency Paris,GISAT S.R.O.GEOINFORMATION SERVICE,MILADY HORAKOVE PRAHA 7 Czech Republic,USE OF THE SUITABILITY COVERAGE ENGINE (SUCE) TOOL INSUPPORT TO THE COMPLETION OF THE OPTICAL HIGH-RESOLUTIONCOVERAGE OF EEA-39 (HR_IMAGE_2015),1/1/2017,12/31/2017,48.8481349,2.3042778,50.0992743,14.4189858
European Space Agency Paris,GMV AEROSPACE AND DEFENCE SA,ISAAC NEWTON / PTM MADRID / TRES CANTOS Spain,SENTINEL 1 2 3 PRECISE ORBIT DETERMINATION SERVICE,1/1/2017,12/31/2017,48.8481349,2.3042778,40.5912849,-3.7066223
European Space Agency Paris,GMV AEROSPACE AND DEFENCE SA,ISAAC NEWTON / PTM MADRID / TRES CANTOS Spain,SENTINEL-5P OPERATIONAL SIMULATOR MAINTENANCE,1/1/2017,12/31/2017,48.8481349,2.3042778,40.5912849,-3.7066223
European Space Agency Paris,HISDESAT SERVICIOS ESTRATÉGICOS S.A,Paseo de la Castellana 149 4th floor MADRID Spain,COPERNICUS SPACE COMPONENT DATA ACCESS (CSC DA)  DATAWAREHOUSE,1/1/2017,12/31/2017,48.8481349,2.3042778,40.4604363,-3.6905931
European Space Agency Paris,IABG MBH,EINSTEINSTRASSE Ottobrunn Germany,SENTINEL-5 ITF ACTIVITY,1/1/2017,12/31/2017,48.8481349,2.3042778,48.0543598,11.6606314
European Space Agency Paris,JENA-OPTRONIK GMBH,Otto-Eppenstein-Strasse JENA Germany,Sentinel 2 Satellites C/D Units construction,1/1/2017,12/31/2017,48.8481349,2.3042778,50.8873813,11.5904305
European Space Agency Paris,KING'S COLLEGE LONDON,WATERLOO ROAD London United Kingdom,TECHNICAL ASSISTANCE TO THE EVALUATION AND VALIDATION OFSENTINEL-3 ACTIVE FIRE DETECTION AND FRP PRODUCTS DURINGTHE FIRE DETECTION EXPERIMENT (FIDEX),1/1/2017,12/31/2017,48.8481349,2.3042778,51.5024427,-0.110216
European Space Agency Paris,KONGSBERG SATELLITE SERVICES AS,PRESTVANNVEIEN TROMSO NORWAY,PREPARATION AND OPERATION OF THE CORE X-BAND ACQUISITIONAND NEAR REAL-TIME FACILITIES AT THE SVALBARD GROUNDSTATION,1/1/2017,12/31/2017,48.8481349,2.3042778,69.6602242,18.9440471
European Space Agency Paris,LATELEC,762 RUE MAX PLANCK LABEGE CEDEX France,Sentinel-5 Instrument Harness (IHAR),1/1/2017,12/31/2017,48.8481349,2.3042778,43.5545225,1.5088795
European Space Agency Paris,Leonardo S.p.a.,Piazza Monte Grappa Rome Italy,SENTINEL-3 C/D UNITS  SLSTR,1/1/2017,12/31/2017,48.8481349,2.3042778,41.9187132,12.4693225
European Space Agency Paris,Leonardo S.p.a.,Piazza Monte Grappa Rome Italy,SENTINEL-5  SWIR SS ACTIVITY,1/1/2017,12/31/2017,48.8481349,2.3042778,41.9187132,12.4693225
European Space Agency Paris,LSE Space GMBH,ARGELSRIEDERFELD WESSLING Germany,SENTINEL-1 OPERATIONS ENGINEERING SUPPORT,1/1/2017,12/31/2017,48.8481349,2.3042778,48.0805096,11.2701711
European Space Agency Paris,LSE Space GMBH,ARGELSRIEDERFELD WESSLING Germany,SENTINEL-2 OPERATIONS ENGINEERING SUPPORT,1/1/2017,12/31/2017,48.8481349,2.3042778,48.0805096,11.2701711
European Space Agency Paris,LSE Space GMBH,ARGELSRIEDERFELD WESSLING Germany,SENTINEL-3 OPERATIONS ENGINEERING SUPPORT,1/1/2017,12/31/2017,48.8481349,2.3042778,48.0805096,11.2701711
European Space Agency Paris,LSE Space GMBH,ARGELSRIEDERFELD WESSLING Germany,SENTINEL-5P OPERATIONS ENGINEERING SUPPORT,1/1/2017,12/31/2017,48.8481349,2.3042778,48.0805096,11.2701711
European Space Agency Paris,NERC - PLYMOUTH MARINE LAB.,PROSPECT PLACE WEST HOE GB-PLYMOUTH PL13DH United Kingdom,SENTINEL-3 ATLANTIC MERIDIONAL TRANSECT (AMT) FIDUCIALREFERENCE MEASUREMENTS (FRM) CAMPAIGN (AMT4SENTINELFRM) -PHASE 1,1/1/2017,12/31/2017,48.8481349,2.3042778,50.3660902,-4.1481041
European Space Agency Paris,NEREUS,Rond-Point Schuman 14 BRUXELLES Belgium,ESA/EC PUBLICATION,1/1/2017,12/31/2017,48.8481349,2.3042778,50.8428531,4.3841988
European Space Agency Paris,RAKON FRANCE SAS,44 av. de la Glacière ARGENTEUIL France,SENTINEL-3 ULTRA STABLE OSCILLATOR INTEGRATION,1/1/2017,12/31/2017,48.8481349,2.3042778,48.9472096,2.2466847
European Space Agency Paris,RHEA SYSTEM S.A.,AVENUE PASTEUR WAVRE Belgium,PAYLOAD DATA GROUND SEGMENT (PDGS) - ENGINEERING ANDMANAGEMENT SUPPORT SERVICES,1/1/2017,12/31/2017,48.8481349,2.3042778,50.7291125,4.591214
European Space Agency Paris,RUAG SCHWEIZ AG RUAG SPACE,Seetalstrasse EMMEN SWITZERLAND,Sentinel 2 Satellites C/D Units construction,1/1/2017,12/31/2017,48.8481349,2.3042778,47.0883075,8.3099832
European Space Agency Paris,SERCO Italia SpA,VIA SCIADONNA I-00044 FRASCATI Italy,COPERNICUS DATA AND INFORMATION ACCESS SERVICESOPERATIONS,1/1/2017,12/31/2017,48.8481349,2.3042778,41.8131111,12.6803228
European Space Agency Paris,SERCO Italia SpA,VIA SCIADONNA I-00044 FRASCATI Italy,SENTINELS ROLLING ARCHIVE PRODUCTS USER ACCESSOPERATIONS MAINTENANCE AND EVOLUTIONS,1/1/2017,12/31/2017,48.8481349,2.3042778,41.8131111,12.6803228
European Space Agency Paris,SOLENIX DEUTSCHLAND GMBH,Rober-Bosch-Strasse DARMSTADT Germany,MAINTENANCE AND EVOLUTION OF THE COPERNICUS APPS FORMOBILE DEVICES,1/1/2017,12/31/2017,48.8481349,2.3042778,49.8707892,8.624588
European Space Agency Paris,Sorbonne Université SU,4 PLACE JUSSIEU PARIS CEDEX France,Sentinel 2 & 3 Fiducial References: Measurement for Ocean Colour: Boussole,1/1/2017,12/31/2017,48.8481349,2.3042778,48.8466079,2.3549061
European Space Agency Paris,SPACE GEOMATICA P.C.,Ksanthoudidou CHANIA Greece,SENTINEL-3 RADAR ALTIMETER CALIBRATION - OPERATIONALSUPPORT,1/1/2017,12/31/2017,48.8481349,2.3042778,35.5084795,24.02776
European Space Agency Paris,STFC RUTHERFORD APPLETONLABORATORY,HARWELL CAMPUS Didcot United Kingdom,Sentinel-3 SLSTR In-flight Performance Analysis,1/1/2017,12/31/2017,48.8481349,2.3042778,51.5808909,-1.3077737
European Space Agency Paris,Teledyne e2v (UK) Limited,106 WATERHOUSE LANE CHELMSFORD UnitedKingdom,SENTINEL-5  UVN CCD ACTIVITY,1/1/2017,12/31/2017,48.8481349,2.3042778,51.7317195,0.4562485
European Space Agency Paris,TELESPAZIO S.P.A.,VIA TIBURTINA I 00156 ROMA Italy,Evolutions Operations and Maintenance of Copernicus Space ComponentData Access System (CSCDA),1/1/2017,12/31/2017,48.8481349,2.3042778,41.9324769,12.584811
European Space Agency Paris,TELESPAZIO VEGA DEUTSCHLAND GMBH,Europaplatz DARMSTADT Germany,SENTINEL-1 OPERATIONS ENGINEERING SUPPORT,1/1/2017,12/31/2017,48.8481349,2.3042778,49.8724197,8.6271362
European Space Agency Paris,TELESPAZIO VEGA DEUTSCHLAND GMBH,Europaplatz DARMSTADT Germany,SENTINEL-2 OPERATIONS ENGINEERING SUPPORT,1/1/2017,12/31/2017,48.8481349,2.3042778,49.8724197,8.6271362
European Space Agency Paris,TELESPAZIO VEGA DEUTSCHLAND GMBH,Europaplatz DARMSTADT Germany,SENTINEL-5P OPERATIONS ENGINEERING SUPPORT,1/1/2017,12/31/2017,48.8481349,2.3042778,49.8724197,8.6271362
European Space Agency Paris,TESAT-SPACECOM GMBH & CO.KG,Gerberstrasse BACKNANG Germany,OPTICAL COMMUNICATION PAYLOADS IN-ORBIT MAINTENANCESUPPORT,1/1/2017,12/31/2017,48.8481349,2.3042778,48.9449973,9.4250788
European Space Agency Paris,THALES ALENIA SPACE ESPANA,C / EINSTEIN 7 (PTM) E-28760 TRES CANTOS -MADRID Spain,SENTINEL-5  DSE ACTIVITY,1/1/2017,12/31/2017,48.8481349,2.3042778,40.5917605,-3.7093783
European Space Agency Paris,THALES ALENIA SPACE ESPANA,C / EINSTEIN 7 (PTM) E-28760 TRES CANTOS -MADRID Spain,SENTINEL-6A/B-SBT,1/1/2017,12/31/2017,48.8481349,2.3042778,40.5917605,-3.7093783
European Space Agency Paris,THALES ALENIA SPACE FRANCE,AVENUE JEAN-FRANCOIS CHAMPOLLION ToulouseFrance,Sentinel-2 Payload Data Ground Segment  (PDGS) system operationsmaintenance and evolutions,1/1/2017,12/31/2017,48.8481349,2.3042778,43.5475232,1.3944104
European Space Agency Paris,THALES ALENIA SPACE FRANCE,AVENUE JEAN-FRANCOIS CHAMPOLLION ToulouseFrance,Sentinel-3 A/B Mission Analysis,1/1/2017,12/31/2017,48.8481349,2.3042778,43.5475232,1.3944104
European Space Agency Paris,THALES ALENIA SPACE FRANCE,AVENUE JEAN-FRANCOIS CHAMPOLLION ToulouseFrance,Sentinel-3 Satellite C/D Units Construction,1/1/2017,12/31/2017,48.8481349,2.3042778,43.5475232,1.3944104
European Space Agency Paris,THALES ALENIA SPACE ITALIA SPA,VIA SACCOMURO Rome Italy,SENTINEL-3 C/D UNITS - PLATFORM AND SYSTEM ACTIVITIES,1/1/2017,12/31/2017,48.8481349,2.3042778,41.9356524,12.6090053
European Space Agency Paris,Thales Alenia Space Schweiz AG,Schaffhauserstrasse Zürich SWITZERLAND,SENTINEL-6A/B-REM,1/1/2017,12/31/2017,48.8481349,2.3042778,47.4258694,8.5551289
European Space Agency Paris,THALES SERVICES S.A.S,AVENUE DU GENERAL EISENHOWER BP 1228TOULOUSE France,Sentinel-2 Payload Data Ground Segment  (PDGS) system operationsmaintenance and evolutions,1/1/2017,12/31/2017,48.8481349,2.3042778,48.8673129,2.3120737
European Space Agency Paris,TNO INDUSTRIAL RESEARCH,Anna van Buerenplein The Hague The Netherlands,SENTINEL-5 TSBOA ACTIVITY,1/1/2017,12/31/2017,48.8481349,2.3042778,52.0823158,4.3259993
European Space Agency Paris,T-Systems International GmbH,HAHNSTRASSE FRANKFURT MAIN Germany,DATA CIRCULATION  DISSEMINATION NETWORK AND SECURITY FORSENTINEL 2,1/1/2017,12/31/2017,48.8481349,2.3042778,50.0816314,8.6337076
European Space Agency Paris,T-Systems International GmbH,HAHNSTRASSE FRANKFURT MAIN Germany,DATA CIRCULATION  DISSEMINATION NETWORK AND SECURITY FORSENTINEL 3,1/1/2017,12/31/2017,48.8481349,2.3042778,50.0816314,8.6337076
European Space Agency Paris,T-Systems International GmbH,HAHNSTRASSE FRANKFURT MAIN Germany,DATA CIRCULATION  DISSEMINATION NETWORK AND SECURITY FORSENTINELS,1/1/2017,12/31/2017,48.8481349,2.3042778,50.0816314,8.6337076
European Space Agency Paris,ARIANESPACE S. A.,BOULEVARD DE L'EUROPEBP 17791006 EVRY-COURCOURONNESCEDEX FRANCE,PROVISION OF THE LAUNCH SERVICES FOR THE SENTINEL-2 PAYLOAD,1/1/2014,12/31/2014,48.8481349,2.3042778,48.629828,2.441782
European Space Agency Paris,EUROCKOT LAUNCH SERVICES GMBH,EUROCKOT LAUNCH SERVICES GMBHFlughafenallee 26 28199 BREMENGERMANY,PROVISION OF THE  LAUNCH SERVICES FOR THE SENTINEL-5P PAYLOAD,1/1/2014,12/31/2014,48.8481349,2.3042778,53.0524588,8.7873678
European Space Agency Paris,e-GEOS SPA,VIA TIBURTINA 965 I-00156 ROMAITALY,PREPARATION AND OPERATION OF THE CORE X-BAND ACQUISITIONAND NEAR REAL-TIME FACILITIES FOR THE COPERNICUS SENTINELSATELLITES: MATERA GROUND STATION,1/1/2014,12/31/2014,48.8481349,2.3042778,41.9275217,12.574582
European Space Agency Paris,KONGSBERG SATELLITE SERVICES AS(KSAT),PRESTVANNVEIEN 38 9291 TROMSONORWAY,PREPARATION AND OPERATION OF THE CORE X-BAND ACQUISITIONAND NEAR REAL-TIME FACILITIES FOR THE COPERNICUS SENTINELSATELLITES: SVALBARD GROUND STATION,1/1/2014,12/31/2014,48.8481349,2.3042778,69.6619633,18.941816
European Space Agency Paris,Collecte Localisation Satellites (CLS),8 RUE HERMES 31526 RAMONVILLEST AGNE FRANCE,MISSION PERFORMANCE CENTERS (MPC) FOR SENTINEL 1A/B.  MPCsare responsible for calibration validation quality control and end-to-endsystem performance assessment. The MPCs include expert teams forspecific cal/val off-line quality control and algorithm correctionactivities.,1/1/2014,12/31/2014,48.8481349,2.3042778,43.549915,1.4850938
European Space Agency Paris,T-SYSTEMS INTERNATIONAL GMBH,HAHNSTRASSE 43 D D 60528FRANKFURT MAIN GERMANY,DATA CIRCULATION & DISSEMINATION FOR THE WIDE AREA NETWORK(WAN) AND SECURITY SERVICES FOR THE COPERNICUS SENTINELSSATELLITES,1/1/2014,12/31/2014,48.8481349,2.3042778,50.08174,8.63565
European Space Agency Paris,ABSL SPACE PRODUCTS,F4 CULHAM SCIENCE CENTRE ABINGDON GREAT BRITAIN,SENTINEL-6A/B-BATTERY,1/1/2016,12/31/2016,48.8481349,2.3042778,51.6551794,-1.2282439
European Space Agency Paris,ACRI-ST S.A.S.,260 ROUTE DU PIN MONTARD SOPHIA ANTIPOLIS CEDEX FRANCE,MISSION PERFORMANCE CENTERS (MPC) FOR SENTINELS.  MPCs are responsible for calibration validation qualitycontrol and end-to-end system performance assessment. The MPCs include expert teams for specific cal/val off-linequality control and algorithm correction activities.,1/1/2016,12/31/2016,48.8481349,2.3042778,43.6236709,7.0593799
European Space Agency Paris,Advanced Computer Systems A.C.S. S.r.l.,Via della Bufalotta 378 ROMA ITALY,SENTINEL-3 GEOMETRIC CALIBRATION TOOL FOR IN ORBIT PERFORMANCES VERIFICATION,1/1/2016,12/31/2016,48.8481349,2.3042778,41.9553446,12.5462901
European Space Agency Paris,AIM INFRAROT-MODULE GMBH,THERESIENSTRASSE 2 74072 HEILBRONN GERMANY,SENTINEL-3 C/D UNITS - OME IR DETECTOR,1/1/2016,12/31/2016,48.8481349,2.3042778,49.1358,9.20618
European Space Agency Paris,AIRBUS DEFENCE & SPACE NETHERLANDS,MENDELWEG 30 LEIDEN NETHERLANDS,SENTINEL-5 PHASE B2 C/D E1. SD: ADS-NL. 1.00.3: DATA PROCESSING ENGINEERING.,1/1/2016,12/31/2016,48.8481349,2.3042778,52.1645653,4.4707497
European Space Agency Paris,AIRBUS DEFENCE AND SPACE LIMITED,GUNNELS WOOD ROAD STEVENAGE GREAT BRITAIN,SENTINEL-6A/B-MPPS,1/1/2016,12/31/2016,48.8481349,2.3042778,51.9007946,-0.2138421
European Space Agency Paris,AIRBUS DEFENCE AND SPACE SAS,Route de Verneuil 51-61 Les Mureaux FRANCE,SENTINEL-2 C/D UNITS  - MSI  SYSTEM SUPPORT,1/1/2016,12/31/2016,48.8481349,2.3042778,49.0017239,1.9268354
European Space Agency Paris,AIRBUS DEFENCE AND SPACE SAS,Route de Verneuil 51-61 Les Mureaux FRANCE,SENTINEL-5 PHASE B2 C/D E1. SD: ADS-F. 1.00.2: FOCAL PLANE SUBSYSTEM (FPS).,1/1/2016,12/31/2016,48.8481349,2.3042778,49.0017239,1.9268354
European Space Agency Paris,AIRBUS DEFENCE AND SPACE SAS,Route de Verneuil 51-61 Les Mureaux FRANCE,SENTINEL-6A/B-RMU,1/1/2016,12/31/2016,48.8481349,2.3042778,49.0017239,1.9268354
European Space Agency Paris,AIRBUS DEFENCE AND SPACE S.A.U,AVENIDA DE ARAGÓN 404  MADRID SPAIN,SENTINEL-3 C/D UNITS - MWR,1/1/2016,12/31/2016,48.8481349,2.3042778,40.4492239,-3.5593574
European Space Agency Paris,AIRBUS DEFENCE AND SPACE S.A.U,AVENIDA DE ARAGÓN 404  MADRID SPAIN,SENTINEL-6A/B-HARNESS,1/1/2016,12/31/2016,48.8481349,2.3042778,40.4492239,-3.5593574
European Space Agency Paris,AIRBUS DEFENCE AND SPACE S.A.U,AVENIDA DE ARAGÓN 404  MADRID SPAIN,SENTINEL-6A/B-STR,1/1/2016,12/31/2016,48.8481349,2.3042778,40.4492239,-3.5593574
European Space Agency Paris,Airbus DS GmbH Sat,Claude-Dornier-Strasse Immenstaad GERMANY,Sentinel-1 Satellites C/D Units Construction,1/1/2016,12/31/2016,48.8481349,2.3042778,47.6676454,9.3847333
European Space Agency Paris,Airbus DS GmbH Sat,Claude-Dornier-Strasse Immenstaad GERMANY,SENTINEL-2 IN-ORBIT OPERATIONS  MAINTENANCE SUPPORT,1/1/2016,12/31/2016,48.8481349,2.3042778,47.6676454,9.3847333
European Space Agency Paris,Airbus DS GmbH Sat,Claude-Dornier-Strasse Immenstaad GERMANY,Sentinel-2 Satellites C/D Units construction,1/1/2016,12/31/2016,48.8481349,2.3042778,47.6676454,9.3847333
European Space Agency Paris,Airbus DS GmbH Sat,Claude-Dornier-Strasse Immenstaad GERMANY,Sentinel-2A Phase E Activities,1/1/2016,12/31/2016,48.8481349,2.3042778,47.6676454,9.3847333
European Space Agency Paris,Airbus DS GmbH Sat,Claude-Dornier-Strasse Immenstaad GERMANY,Sentinel-5 Satellite Instrument Construction,1/1/2016,12/31/2016,48.8481349,2.3042778,47.6676454,9.3847333
European Space Agency Paris,Airbus DS GmbH Sat,Claude-Dornier-Strasse Immenstaad GERMANY,Sentinel-6B Satellite Instrument Construction,1/1/2016,12/31/2016,48.8481349,2.3042778,47.6676454,9.3847333
European Space Agency Paris,AIRBUS DS LTD EX INFOTERRA LTD,Europa House Southwood FARNBOROUGH GREAT BRITAIN,Sentinel-2 Preparations and operations of the off-line Processing and Archiving Centres,1/1/2016,12/31/2016,48.8481349,2.3042778,51.2917471,-0.7972756
European Space Agency Paris,AKKA TECHNOLOGIES,9-11 rue Montalivet Paris FRANCE,SENTINEL-6A/B-DORIS DIODE,1/1/2016,12/31/2016,48.8481349,2.3042778,48.8706958,2.3182459
European Space Agency Paris,ALMATECH SA,PARC SCIENTIFIQUE EPFL LAUSANNE SWITZERLAND,SENTINEL-5  IOMSR ACTIVITY,1/1/2016,12/31/2016,48.8481349,2.3042778,46.5171265,6.5618027
European Space Agency Paris,APCO TECHNOLOGIES SA,Chemin de Champex 10 Aigle SWITZERLAND,SENTINEL-6A/B-MGSE.,1/1/2016,12/31/2016,48.8481349,2.3042778,46.310833,6.9381326
European Space Agency Paris,ARIANESPACE,BOULEVARD DE L'EUROPEBP 177 EVRY-COURCOURONNES CEDEX FRANCE,SENTINEL-2B LAUNCHER PROCUREMENT,1/1/2016,12/31/2016,48.8481349,2.3042778,48.6310856,2.4211971
European Space Agency Paris,AURORA TECHNOLOGY BV,HEERE WEG 345 LISSE NETHERLANDS,MANPOWER SUPPORT SERVICE - SENTINEL-3,1/1/2016,12/31/2016,48.8481349,2.3042778,52.25186,4.5471829
European Space Agency Paris,BELG INST SPACE AERONOMY,RINGLAAN 3 BRUSSELS BELGIUM,SUPPORT TO THE CABAUW INTERCOMPARISON CAMPAIGN FOR NITROGEN DIOXIDE MEASURING INSTRUMENTS2016 (CINDI-2),1/1/2016,12/31/2016,48.8481349,2.3042778,50.7995066,4.3586373
European Space Agency Paris,BLU ELECTRONIC SRL,VIA SANDRO PERTINI 8 I-22044 IVERIGO ITALY,Sentinel-1 Satellites C/D Units Construction,1/1/2016,12/31/2016,48.8481349,2.3042778,45.7334225,9.2223548
European Space Agency Paris,BROCKMANN CONSULT GMBH,MAX-PLANCK-STRASSE 2 HAMBURG GERMANY,SENTINEL-2 ATMOSPHERIC CORRECTION ALGORITHM SETUP AND VALIDATION,1/1/2016,12/31/2016,48.8481349,2.3042778,53.5571067,9.924749
European Space Agency Paris,CAPGEMINI TECHNOLOGY SERVICES,5-7 RUE FREDERIC CLAVEL SURESNES CEDEX FRANCE,DEMONSTRATION OF SENTINEL-2 CAPABILITIES FOR COASTAL WATERS APPLICATIONS,1/1/2016,12/31/2016,48.8481349,2.3042778,48.8623553,2.2247223
European Space Agency Paris,C-CORE CENTRE COLD OCEAN RES.,CAPTAIN ROBERT A. BARTLETT BUILD. ST JOHN`S CANADA,Sentinel-1B: TRANSPONDER MAINTENANCE TO S1B COMMISSIONING,1/1/2016,12/31/2016,48.8481349,2.3042778,47.5615096,-52.7125768
European Space Agency Paris,CELESTIA SATELLITES TEST AND SIMULA,HUYGENSSTRAAT 44 2201 CK NOOFCSIJK NETHERLANDS,SENTINEL-6A/B-EGSE TMTC FE,1/1/2016,12/31/2016,48.8481349,2.3042778,52.2131673,4.4294443
European Space Agency Paris,CLS COLLECTE LOCALISATION SATELLITES,PARC TECHNOLOGIQUE DU CANAL RUE HERMES 11 RAMONVILLE SAINT-AGNEFRANCE,SENTINEL-3 C/D UNITS - SYNTHETIC APERTURE RADAR (SAR) LEVEL 1B STUDY,1/1/2016,12/31/2016,48.8481349,2.3042778,43.5497494,1.4858565
European Space Agency Paris,CNES CST,Avenue Edouard Belin 18 TOULOUSE FRANCE,SENTINEL-2 LEVEL 2 A ALGORITHM SELECTION,1/1/2016,12/31/2016,48.8481349,2.3042778,43.561818,1.4817323
European Space Agency Paris,CNES CST,Avenue Edouard Belin 18 TOULOUSE FRANCE,SENTINEL-3 ROUTINE OPERATIONAL PHASE SUPPORT (S-3 CROPS),1/1/2016,12/31/2016,48.8481349,2.3042778,43.561818,1.4817323
European Space Agency Paris,CRISA SACOMPUTADORAS REDES E INGENIERIA,C/.TORRES QUEVEDOS/N 9 MADRID SPAIN,SENTINEL-5  ICS ACTIVITY,1/1/2016,12/31/2016,48.8481349,2.3042778,40.446111,-3.557535
European Space Agency Paris,CRISA SACOMPUTADORAS REDES E INGENIERIA,C/.TORRES QUEVEDOS/N 9 MADRID SPAIN,SENTINEL-5  UVN FEE ACTIVITY,1/1/2016,12/31/2016,48.8481349,2.3042778,40.446111,-3.557535
European Space Agency Paris,CRISA SACOMPUTADORAS REDES E INGENIERIA,C/.TORRES QUEVEDOS/N 9 MADRID SPAIN,SENTINEL-6A/B-PCDU,1/1/2016,12/31/2016,48.8481349,2.3042778,40.446111,-3.557535
European Space Agency Paris,CS SYSTEMES D INFORMATION,ZAC DE LA GRANDE PLAINE F-31506 TOULOUSE CEDEX 5 FRANCE,PREPARATION AND OPERATIONS OF THE MISSION PERFORMANCE CENTRE (MPC) FOR SENTINEL-2 MISSION,1/1/2016,12/31/2016,48.8481349,2.3042778,43.5904476,1.4920343
European Space Agency Paris,DA-DESIGN OY,KESKUSKATU 29 JOKIOINEN FINLAND,Sentinel-1 Satellites C/D Units Construction,1/1/2016,12/31/2016,48.8481349,2.3042778,60.8054031,23.4899269
European Space Agency Paris,DLR - GERMAN AEROSPACE CENTER,Linder Höhe Cologne GERMANY,Sentinel-3 Preparations and operations of the off-line Processing and Archiving Centres,1/1/2016,12/31/2016,48.8481349,2.3042778,50.937531,6.9602786
European Space Agency Paris,DTM SRL,VIA TACITO 65 MODENA ITALY,SENTINEL-5 MGSE ACTIVITY,1/1/2016,12/31/2016,48.8481349,2.3042778,44.650009,10.857002
European Space Agency Paris,E2V TECHNOLOGIES LIMITED,106 WATERHOUSE LANE CHELMSFORD GREAT BRITAIN,SENTINEL-5  UVN CCD ACTIVITY,1/1/2016,12/31/2016,48.8481349,2.3042778,51.7317195,0.4562485
European Space Agency Paris,E-GEOS,VIA TIBURTINA 965 I-00156 ROMA ITALY,HYPERSPECTRAL IMAGING MISSION CONCEPTS,1/1/2016,12/31/2016,48.8481349,2.3042778,41.9275217,12.574582
European Space Agency Paris,EJR QUARTZ B.V,3E BINNENVESTGRACHT 23-A LEIDEN NETHERLANDS,SENTINEL USER HANDBOOK  TECHNICAL EDITORIAL SERVICE,1/1/2016,12/31/2016,48.8481349,2.3042778,52.1639979,4.4914372
European Space Agency Paris,EOX IT SERVICES GMBH,THURNGASSE 8/4 VIENNA AUSTRIA,PROVISION OF BACKGROUND AND OVERLAY MAPS,1/1/2016,12/31/2016,48.8481349,2.3042778,48.2187304,16.3602146
European Space Agency Paris,EXELIS VISUAL INFOR,CENTRO COLLEONI PALAZZO PEGASO 3 AGRATE BRIANZA MI ITALY,SENTINEL-3 MISSION-SOFT PRODUCTS & SERVICES SUPPORT,1/1/2016,12/31/2016,48.8481349,2.3042778,45.5732169,9.3370483
European Space Agency Paris,GAF AG,ARNULFSTRASSE 199 MUENCHEN GERMANY,SENTINEL-2 ATMOSPHERIC CORRECTION ALGORITHM ASSESSMENT,1/1/2016,12/31/2016,48.8481349,2.3042778,48.1491338,11.5226723
European Space Agency Paris,GMV GMBH,Europaplatz  2 Darmstadt GERMANY,SENTINEL-5P OPERATIONS ENGINEERING SUPPORT,1/1/2016,12/31/2016,48.8481349,2.3042778,49.8728253,8.6511929
European Space Agency Paris,HELMHOLTZ-ZENTRUM POTSDAM - DEUTSCH,TELEGRAFENBERG A17 POTSDAM GERMANY,SENTINEL-2 ATMOSPHERIC CORRECTION ALGORITHM SETUP AND VALIDATION,1/1/2016,12/31/2016,48.8481349,2.3042778,52.3810497,13.0639263
European Space Agency Paris,JENA-OPTRONIK GMBH,Otto-Eppenstein-Strasse 3 JENA GERMANY,SENTINEL-2 C/D UNITS - STAR TRACKER,1/1/2016,12/31/2016,48.8481349,2.3042778,50.8865045,11.5903114
European Space Agency Paris,JENA-OPTRONIK GMBH,Otto-Eppenstein-Strasse 3 JENA GERMANY,SENTINEL-5  NIR SO ACTIVITY,1/1/2016,12/31/2016,48.8481349,2.3042778,50.8865045,11.5903114
European Space Agency Paris,JENA-OPTRONIK GMBH,Otto-Eppenstein-Strasse 3 JENA GERMANY,SENTINEL-6A/B-STAR TRACKER,1/1/2016,12/31/2016,48.8481349,2.3042778,50.8865045,11.5903114
European Space Agency Paris,KONGSBERG SATELLITE SERVICES AS,PRESTVANNVEIEN 38 TROMSO NORWAY,SENTINEL-5P X-BAND SERVICE FOR ROUTINE OPERATIONS,1/1/2016,12/31/2016,48.8481349,2.3042778,69.6619633,18.941816
European Space Agency Paris,KONGSBERG SPACETEC AS,PRESTVANNVEIEN 38 TROMSO NORWAY,DEMODULATION AND FRONT END PROCESSING (DFEP) FOR SENTINEL SATELLITES,1/1/2016,12/31/2016,48.8481349,2.3042778,69.6619633,18.941816
European Space Agency Paris,LATELEC,RUE MAX PLANCK LABEGE CEDEX FRANCE,Sentinel-1 Satellites C/D Units Construction,1/1/2016,12/31/2016,48.8481349,2.3042778,43.551903,1.511091
European Space Agency Paris,Leonardo S.p.a.,Piazza Monte Grappa 4 ROME ITALY,SENTINEL-3 C/D UNITS  SLSTR,1/1/2016,12/31/2016,48.8481349,2.3042778,41.91863,12.46882
European Space Agency Paris,Leonardo S.p.a.,Piazza Monte Grappa 4 ROME ITALY,SENTINEL-5  SWIR SS ACTIVITY,1/1/2016,12/31/2016,48.8481349,2.3042778,41.91863,12.46882
European Space Agency Paris,Leonardo S.p.a.,Piazza Monte Grappa 4 ROME ITALY,SENTINEL-6A/B-SAW,1/1/2016,12/31/2016,48.8481349,2.3042778,41.91863,12.46882
European Space Agency Paris,LSE Space GMBH,MUENCHNERSTRASSE 20 WESSLING GERMANY,SENTINEL-1 OPERATIONS ENGINEERING SUPPORT,1/1/2016,12/31/2016,48.8481349,2.3042778,48.0853178,11.2789751
European Space Agency Paris,LSE Space GMBH,MUENCHNERSTRASSE 20 WESSLING GERMANY,SENTINEL-2 OPERATIONS ENGINEERING SUPPORT,1/1/2016,12/31/2016,48.8481349,2.3042778,48.0853178,11.2789751
European Space Agency Paris,LSE Space GMBH,MUENCHNERSTRASSE 20 WESSLING GERMANY,SENTINEL-5P OPERATIONS ENGINEERING SUPPORT,1/1/2016,12/31/2016,48.8481349,2.3042778,48.0853178,11.2789751
European Space Agency Paris,MICOS ENGINEERING GMBH,Sackmatl 109 Wauwil SWITZERLAND,SENTINEL-5  CAS ACTIVITY,1/1/2016,12/31/2016,48.8481349,2.3042778,47.1862897,8.0237036
European Space Agency Paris,NERC - PLYMOUTH MARINE LAB.,PROSPECT PLACE WEST HOE GB-PLYMOUTH PL1 3DH GREAT BRITAIN,SENTINEL-3 ATLANTIC MERIDIONAL TRANSECT (AMT) FIDUCIAL REFERENCE MEASUREMENTS (FRM) CAMPAIGN(AMT4SENTINELFRM) - PHASE 1,1/1/2016,12/31/2016,48.8481349,2.3042778,50.3664514,-4.1488515
European Space Agency Paris,NOVELTIS SAS,153 rue du Lac Labège FRANCE,SENTINEL-3 C/D UNITS - OPEN LOOP TRACKING COMMANDS (OLTC),1/1/2016,12/31/2016,48.8481349,2.3042778,47.5496908,6.9206498
European Space Agency Paris,OHB SYSTEM AG,Universitaetsallee 27-29 BREMEN GERMANY,HYPERSPECTRAL IMAGING MISSION CONCEPTS,1/1/2016,12/31/2016,48.8481349,2.3042778,53.10232,8.85888
European Space Agency Paris,RAKON FRANCE SAS,44 av. de la Glacière Argenteuil FRANCE,SENTINEL-3 ULTRA STABLE OSCILLATOR INTEGRATION,1/1/2016,12/31/2016,48.8481349,2.3042778,48.9472096,2.2466847
European Space Agency Paris,RHEA SYSTEM B.V.,Jonckerweg 18 Noordwijk NETHERLANDS,SENTINEL-1 - MANPOWER SUPPORT SERVICE,1/1/2016,12/31/2016,48.8481349,2.3042778,52.211816,4.435776
European Space Agency Paris,RHEA SYSTEM S.A.,AVENUE PASTEUR 23 WAVRE BELGIUM,PAYLOAD DATA GROUND SEGMENT (PDGS) - ENGINEERING AND MANAGEMENT SUPPORT SERVICES,1/1/2016,12/31/2016,48.8481349,2.3042778,50.7304904,4.5897044
European Space Agency Paris,ROCKWELL COLLINS DEUTSCHLAND GMBH,GRENZHOEFERWEG 36 HEIDELBERG GERMANY,SENTINEL-6A/B-REACTION WHEELS,1/1/2016,12/31/2016,48.8481349,2.3042778,49.42442,8.638
European Space Agency Paris,RUAG SPACE AB,Solhusgatan (Delsjömotet) 11 S-40515 GOETEBORG SWEDEN,Sentinel-1 Satellites C/D Units Construction,1/1/2016,12/31/2016,48.8481349,2.3042778,57.676509,12.0229709
European Space Agency Paris,RUAG SPACE AB,Solhusgatan (Delsjömotet) 11 S-40515 GOETEBORG SWEDEN,SENTINEL-6A/B-(SE)-SBA,1/1/2016,12/31/2016,48.8481349,2.3042778,57.676509,12.0229709
European Space Agency Paris,RUAG SPACE AB,Solhusgatan (Delsjömotet) 11 S-40515 GOETEBORG SWEDEN,SENTINEL-6A/B-OBC,1/1/2016,12/31/2016,48.8481349,2.3042778,57.676509,12.0229709
European Space Agency Paris,RUAG SPACE AB,Solhusgatan (Delsjömotet) 11 S-40515 GOETEBORG SWEDEN,SENTINEL-6A/B-PODRIX RECEIVER,1/1/2016,12/31/2016,48.8481349,2.3042778,57.676509,12.0229709
European Space Agency Paris,RUAG SPACE AB,Solhusgatan (Delsjömotet) 11 S-40515 GOETEBORG SWEDEN,SENTINEL-6A/B-XBA,1/1/2016,12/31/2016,48.8481349,2.3042778,57.676509,12.0229709
European Space Agency Paris,RUAG SPACE FINLAND OY AB,Naulakatu 3 Tampere FINLAND,SENTINEL-6A/B-RIU,1/1/2016,12/31/2016,48.8481349,2.3042778,61.4919264,23.7760993
European Space Agency Paris,RUAG SPACE GMBH,STACHEGASSE 16 WIEN AUSTRIA,SENTINEL-5  IOMT ACTIVITY,1/1/2016,12/31/2016,48.8481349,2.3042778,48.1622934,16.311053
European Space Agency Paris,RUAG SPACE GMBH,STACHEGASSE 16 WIEN AUSTRIA,SENTINEL-6A/B-PODRIX RECEIVER,1/1/2016,12/31/2016,48.8481349,2.3042778,48.1622934,16.311053
European Space Agency Paris,RUAG SPACE GMBH,STACHEGASSE 16 WIEN AUSTRIA,SENTINEL-6A/B-THERMAL PASSIVE,1/1/2016,12/31/2016,48.8481349,2.3042778,48.1622934,16.311053
European Space Agency Paris,SERCO SPA,VIA SCIADONNA 24/26 I-00044 FRASCATI ITALY,SENTINELS ROLLING ARCHIVE PRODUCTS USER ACCESS OPERATIONS MAINTENANCE AND EVOLUTIONS,1/1/2016,12/31/2016,48.8481349,2.3042778,41.812079,12.680974
European Space Agency Paris,SIEMENS CONVERGENCE CREATORS GMBH,AUTOKADER STRASSE 29 WIEN AUSTRIA,Sentinel-1 Satellites C/D Units Construction,1/1/2016,12/31/2016,48.8481349,2.3042778,48.2829147,16.380699
European Space Agency Paris,SIEMENS CONVERGENCE CREATORS GMBH,AUTOKADER STRASSE 29 WIEN AUSTRIA,SENTINEL-5 EGSE ACTIVITY,1/1/2016,12/31/2016,48.8481349,2.3042778,48.2829147,16.380699
European Space Agency Paris,SIEMENS CONVERGENCE CREATORS GMBH,AUTOKADER STRASSE 29 WIEN AUSTRIA,SENTINEL-6A/B-EGSE POWER SCOE,1/1/2016,12/31/2016,48.8481349,2.3042778,48.2829147,16.380699
European Space Agency Paris,SIEMENS CONVERGENCE CREATORS SRL,Mihail Kogalniceanu Blvd. 21 bl. C Brasov ROMANIA,SENTINEL-6A/B-EGSE S-BAND SCOE,1/1/2016,12/31/2016,48.8481349,2.3042778,45.6528282,25.6090202
European Space Agency Paris,SODERN,AV DESCARTES 20 BP 23 F-94451 LIMEIL-BREVANNES FRANCE,SENTINEL-5  UV2VIS ACTIVITY,1/1/2016,12/31/2016,48.8481349,2.3042778,48.7405786,2.4866304
European Space Agency Paris,SOFRADIR,RUE C.PELLETAN 43-47 CHATENAY MALABRY FRANCE,SENTINEL-5  SWIR DETECTOR ACTIVITY,1/1/2016,12/31/2016,48.8481349,2.3042778,48.7793691,2.2766838
European Space Agency Paris,SPACE SYSTEMS FINLAND LTD,Kappelitie  6 B ESPOO FINLAND,SENTINEL-5  L1BPP ACTIVITY,1/1/2016,12/31/2016,48.8481349,2.3042778,60.1681326,24.7661435
European Space Agency Paris,SPACETECH GMBH,SEELBACHSTRASSE 13 IMMENSTAAD GERMANY,SENTINEL-6A/B-CESS,1/1/2016,12/31/2016,48.8481349,2.3042778,47.6745091,9.3550465
European Space Agency Paris,SPACETECH GMBH,SEELBACHSTRASSE 13 IMMENSTAAD GERMANY,SENTINEL-6A/B-SAW,1/1/2016,12/31/2016,48.8481349,2.3042778,47.6745091,9.3550465
European Space Agency Paris,STFC RUTHERFORD APPLETON LABORATORY,HARWELL CAMPUS DIDCOT GREAT BRITAIN,SENTINEL-5  CTF ACTIVITY,1/1/2016,12/31/2016,48.8481349,2.3042778,51.601327,-1.288948
European Space Agency Paris,SYDERAL SA,NEUENBURGSTR. 7 CH-2076 GALS/BE SWITZERLAND,Sentinel-1 Satellites C/D Units Construction,1/1/2016,12/31/2016,48.8481349,2.3042778,47.0229493,7.0423734
European Space Agency Paris,Telespazio VEGA Deutschland GmbH,EUROPAPLATZ 5 DARMSTADT GERMANY,SENTINEL-1 OPERATIONS ENGINEERING SUPPORT,1/1/2016,12/31/2016,48.8481349,2.3042778,49.8720604,8.626621
European Space Agency Paris,Telespazio VEGA Deutschland GmbH,EUROPAPLATZ 5 DARMSTADT GERMANY,SENTINEL-2 OPERATIONS ENGINEERING SUPPORT,1/1/2016,12/31/2016,48.8481349,2.3042778,49.8720604,8.626621
European Space Agency Paris,TESAT-SPACECOM GMBH & CO.KG,Gerberstraße 49 BACKNANG GERMANY,SENTINEL-6A/B-XBDA,1/1/2016,12/31/2016,48.8481349,2.3042778,48.9471455,9.4341813
European Space Agency Paris,THALES ALENIA SPACE ESPANA,C / EINSTEIN 7 (PTM) E-28760 TRES CANTOS -  MADRID SPAIN,Sentinel-1 Satellites C/D Units Construction,1/1/2016,12/31/2016,48.8481349,2.3042778,40.59169,-3.7090435
European Space Agency Paris,THALES ALENIA SPACE ESPANA,C / EINSTEIN 7 (PTM) E-28760 TRES CANTOS -  MADRID SPAIN,SENTINEL-5  DSE ACTIVITY,1/1/2016,12/31/2016,48.8481349,2.3042778,40.59169,-3.7090435
European Space Agency Paris,THALES ALENIA SPACE ESPANA,C / EINSTEIN 7 (PTM) E-28760 TRES CANTOS -  MADRID SPAIN,SENTINEL-6A/B-SBT,1/1/2016,12/31/2016,48.8481349,2.3042778,40.59169,-3.7090435
European Space Agency Paris,THALES ALENIA SPACE FRANCE,26 AVENUE JEAN-FRANCOIS CHAMPOLLION TOULOUSE FRANCE,Sentinel-2 Payload Data Ground Segment  (PDGS) system operations maintenance and evolutions,1/1/2016,12/31/2016,48.8481349,2.3042778,43.5478677,1.3939856
European Space Agency Paris,THALES ALENIA SPACE FRANCE,26 AVENUE JEAN-FRANCOIS CHAMPOLLION TOULOUSE FRANCE,SENTINEL-3 IN-ORBIT OPERATIONS  MAINTENANCE SUPPORT,1/1/2016,12/31/2016,48.8481349,2.3042778,43.5478677,1.3939856
European Space Agency Paris,THALES ALENIA SPACE FRANCE,26 AVENUE JEAN-FRANCOIS CHAMPOLLION TOULOUSE FRANCE,Sentinel-3 Satellite C/D Units Construction,1/1/2016,12/31/2016,48.8481349,2.3042778,43.5478677,1.3939856
European Space Agency Paris,THALES ALENIA SPACE ITALIA SPA,VIA SACCOMURO 24 I 00131 ROME ITALY,SENTINEL-1 - IN-ORBIT OPERATIONS  MAINTENANCE SUPPORT,1/1/2016,12/31/2016,48.8481349,2.3042778,41.9365023,12.6095119
European Space Agency Paris,THALES ALENIA SPACE ITALIA SPA,VIA SACCOMURO 24 I 00131 ROME ITALY,Sentinel-1 Satellites C/D Units Construction,1/1/2016,12/31/2016,48.8481349,2.3042778,41.9365023,12.6095119
European Space Agency Paris,THALES ALENIA SPACE ITALIA SPA,VIA SACCOMURO 24 I 00131 ROME ITALY,Sentinel-1B Phase E,1/1/2016,12/31/2016,48.8481349,2.3042778,41.9365023,12.6095119
European Space Agency Paris,THALES ALENIA SPACE ITALIA SPA,VIA SACCOMURO 24 I 00131 ROME ITALY,SENTINEL-3 C/D UNITS - PLATFORM AND SYSTEM ACTIVITIES,1/1/2016,12/31/2016,48.8481349,2.3042778,41.9365023,12.6095119
European Space Agency Paris,THALES ALENIA SPACE ITALIA SPA,VIA SACCOMURO 24 I 00131 ROME ITALY,SENTINEL-6A/B-MMFU,1/1/2016,12/31/2016,48.8481349,2.3042778,41.9365023,12.6095119
European Space Agency Paris,TNO INDUSTRIAL RESEARCH,Anna van Buerenplein 1 The Hague NETHERLANDS,SENTINEL-5  UV1 ACTIVITY,1/1/2016,12/31/2016,48.8481349,2.3042778,52.0822773,4.3258071
European Space Agency Paris,TNO INDUSTRIAL RESEARCH,Anna van Buerenplein 1 The Hague NETHERLANDS,SENTINEL-5 PHASE B2 C/D E1. SD: TNO. 1.00.4: CALIBRATION ENGINEERING.,1/1/2016,12/31/2016,48.8481349,2.3042778,52.0822773,4.3258071
European Space Agency Paris,TNO INDUSTRIAL RESEARCH,Anna van Buerenplein 1 The Hague NETHERLANDS,SENTINEL-5 TSBOA ACTIVITY,1/1/2016,12/31/2016,48.8481349,2.3042778,52.0822773,4.3258071
European Space Agency Paris,T-SYSTEMS ENTERPRISE SERVICES GMBH,HAHNSTRASSE 43 D D 60528 FRANKFURT MAIN GERMANY,DATA CIRCULATION  DISSEMINATION NETWORK AND SECURITY FOR SENTINEL 1,1/1/2016,12/31/2016,48.8481349,2.3042778,50.08174,8.63565
European Space Agency Paris,T-SYSTEMS ENTERPRISE SERVICES GMBH,HAHNSTRASSE 43 D D 60528 FRANKFURT MAIN GERMANY,DATA CIRCULATION  DISSEMINATION NETWORK AND SECURITY FOR SENTINEL 2,1/1/2016,12/31/2016,48.8481349,2.3042778,50.08174,8.63565
European Space Agency Paris,T-SYSTEMS ENTERPRISE SERVICES GMBH,HAHNSTRASSE 43 D D 60528 FRANKFURT MAIN GERMANY,DATA CIRCULATION  DISSEMINATION NETWORK AND SECURITY FOR SENTINEL 3,1/1/2016,12/31/2016,48.8481349,2.3042778,50.08174,8.63565
European Space Agency Paris,UCL CONSULTANTS LTD,NETWORK BUILDING 2ND FLOOR LONDON GREAT BRITAIN,SENTINEL-2 LEVEL 2A STUDY - PRODUCT ASSESSMENT,1/1/2016,12/31/2016,48.8481349,2.3042778,51.5073509,-0.1277583
European Space Agency Paris,UNIVERSITE CATHOLIQUE DE LOUVAIN,2 CHEMIN DU CYCLOTRON B-1348 LOUVAIN LA NEUVE BELGIUM,SENTINEL-2 LEVEL 2A STUDY - PRODUCT ASSESSMENT (UNIVERSITÉ CATHOLIQUE DE LOUVAIN),1/1/2016,12/31/2016,48.8481349,2.3042778,50.6660389,4.6239343
European Space Agency Paris,VISIOTERRA,14 rue Albert Einstein Champs-sur-Marne FRANCE,SENTINEL VISION SERVICE,1/1/2016,12/31/2016,48.8481349,2.3042778,48.8347332,2.592938
European Space Agency Paris,VITO VL.INST.TECHN.ONDERZOEK,BOERETANG 200 MOL BELGIUM,Data Warehouse activities - data requirements,1/1/2016,12/31/2016,48.8481349,2.3042778,51.2137712,5.0990862
European Space Agency Paris,VTT TECHNICAL RESEARCH CENTRE OF FILTD,PO Box 1000 Espoo FINLAND,SENTINEL-2 ATMOSPHERIC CORRECTION ALGORITHM ASSESSMENT,1/1/2016,12/31/2016,48.8481349,2.3042778,60.2054911,24.6559
European Space Agency Paris,ZARM TECHNIK AG,AM FALLTURM BREMEN GERMANY,SENTINEL-6A/B-MAG/MTQ,1/1/2016,12/31/2016,48.8481349,2.3042778,53.1113009,8.8593841
European Space Agency Paris,ACRI-ST S.A.S.,ROUTE DU PIN MONTARD 260 06904 SOPHIA ANTIPOLISCEDEX France,PREPARATION AND OPERATIONS OF THE MISSION PERFORMANCE CENTRE (MPC) FOR THE GMESSENTINEL-3 MISSION,1/1/2018,12/31/2018,48.8481349,2.3042778,43.6236709,7.0593799
European Space Agency Paris,AIM INFRAROT-MODULE GMBH,THERESIENSTRASSE 2 74072 HEILBRONN Germany,Sentinel-3 Satellites C/D Units construction,1/1/2018,12/31/2018,48.8481349,2.3042778,49.1358,9.20618
European Space Agency Paris,AIRBUS DEFENCE & SPACE NETHERLANDS(FORMER DUTCH SPACE),MENDELWEG 30 2333 CS Leiden The Netherlands,Sentinel 2 Satellites C/D Units construction,1/1/2018,12/31/2018,48.8481349,2.3042778,52.1645653,4.4707497
European Space Agency Paris,AIRBUS DEFENCE & SPACE NETHERLANDS(FORMER DUTCH SPACE),MENDELWEG 30 2333 CS Leiden The Netherlands,SENTINEL-5P TROPOMI INSTRUMENT IN-ORBIT OPERATIONS  MAINTENANCE SUPPORT,1/1/2018,12/31/2018,48.8481349,2.3042778,52.1645653,4.4707497
European Space Agency Paris,AIRBUS DEFENCE AND SPACE LIMITED,GUNNELS WOOD ROAD SG1 2AS STEVENAGE UnitedKingdom,SENTINEL-5P PLATFORM IN-ORBIT OPERATIONS  MAINTENANCE SUPPORT,1/1/2018,12/31/2018,48.8481349,2.3042778,51.9012133,-0.2142677
European Space Agency Paris,AIRBUS DEFENCE AND SPACE LIMITED,GUNNELS WOOD ROAD SG1 2AS STEVENAGE UnitedKingdom,SENTINEL-6 A/B - MPPS,1/1/2018,12/31/2018,48.8481349,2.3042778,51.9012133,-0.2142677
European Space Agency Paris,AIRBUS DEFENCE AND SPACE SAS,RUE DES COSMONAUTES 31 31402 TOULOUSE France,COPERNICUS DATA AND INFORMATION ACCESS SERVICES OPERATIONS,1/1/2018,12/31/2018,48.8481349,2.3042778,43.5621533,1.4998375
European Space Agency Paris,AIRBUS DEFENCE AND SPACE SAS,RUE DES COSMONAUTES 31 31402 TOULOUSE France,SENTINEL-1 PAYLOAD DATA GROUND SEGMENT SYSTEM OPERATIONS MAINTENANCE ANDEVOLUTIONS,1/1/2018,12/31/2018,48.8481349,2.3042778,43.5621533,1.4998375
European Space Agency Paris,AIRBUS DEFENCE AND SPACE SAS,RUE DES COSMONAUTES 31 31402 TOULOUSE France,SENTINEL-5 FPS ACTIVITY,1/1/2018,12/31/2018,48.8481349,2.3042778,43.5621533,1.4998375
European Space Agency Paris,AIRBUS DEFENCE AND SPACE SAS,RUE DES COSMONAUTES 31 31402 TOULOUSE France,SENTINEL-5P PLATFORM IN-ORBIT OPERATIONS  MAINTENANCE SUPPORT,1/1/2018,12/31/2018,48.8481349,2.3042778,43.5621533,1.4998375
European Space Agency Paris,AIRBUS DEFENCE AND SPACE S.A.U,AVENIDA DE ARAGÓN 404 28022  MADRID Spain,EC/ESA COPERNICUS -  SENTINEL-3 IN-ORBIT OPERATIONS  MAINTENANCE SUPPORT.,1/1/2018,12/31/2018,48.8481349,2.3042778,40.449264,-3.5609874
European Space Agency Paris,AIRBUS DEFENCE AND SPACE S.A.U,AVENIDA DE ARAGÓN 404 28022  MADRID Spain,Sentinel-3 Satellites C/D Units construction,1/1/2018,12/31/2018,48.8481349,2.3042778,40.449264,-3.5609874
European Space Agency Paris,AIRBUS DS GEO SA,RUE DES SATELLITES 5 31030 TOULOUSE CEDEX  4 France,COPERNICUS SPACE COMPONENT DATA ACCESS (CSC DA)  DATA WAREHOUSE,1/1/2018,12/31/2018,48.8481349,2.3042778,43.5542839,1.4872123
European Space Agency Paris,AIRBUS DS GEO SA,RUE DES SATELLITES 5 31030 TOULOUSE CEDEX  4 France,VERY HIGH RESOLUTION (VHR) IMAGE 2018,1/1/2018,12/31/2018,48.8481349,2.3042778,43.5542839,1.4872123
European Space Agency Paris,Airbus DS GmbH Sat,Claude-Dornier-Strasse 88090 Immenstaad Germany,Sentinel 2 Satellites C/D Units construction,1/1/2018,12/31/2018,48.8481349,2.3042778,47.6676454,9.3847333
European Space Agency Paris,Airbus DS GmbH Sat,Claude-Dornier-Strasse 88090 Immenstaad Germany,Sentinel-1 Satellites C/D Units Construction,1/1/2018,12/31/2018,48.8481349,2.3042778,47.6676454,9.3847333
European Space Agency Paris,Airbus DS GmbH Sat,Claude-Dornier-Strasse 88090 Immenstaad Germany,SENTINEL-5 PHASE B2 C/D,1/1/2018,12/31/2018,48.8481349,2.3042778,47.6676454,9.3847333
European Space Agency Paris,Airbus DS GmbH Sat,Claude-Dornier-Strasse 88090 Immenstaad Germany,Sentinel-6 A/B Satellite Instrument Construction,1/1/2018,12/31/2018,48.8481349,2.3042778,47.6676454,9.3847333
European Space Agency Paris,ATOS CONVERGENCE CREATORS GMBH,AUTOKADER STRASSE 29 1210 WIEN Austria,SENTINEL-5 EGSE ACTIVITY,1/1/2018,12/31/2018,48.8481349,2.3042778,48.2829147,16.380699
European Space Agency Paris,CLS COLLECTE LOCALISATION SATELLITES,PARC TECHNOLOGIQUE DU CANAL RUE HERMES 11 31520RAMONVILLE SAINT-AGNE France,Sentinel-3 Satellites C/D Units construction,1/1/2018,12/31/2018,48.8481349,2.3042778,43.5497494,1.4858565
European Space Agency Paris,CNES CST,Avenue Edouard Belin 18 Toulouse France,SENTINEL-3 CNES ROUTINE OPERATIONAL PHASE SUPPORT,1/1/2018,12/31/2018,48.8481349,2.3042778,43.561818,1.4817323
European Space Agency Paris,COBHAM CHELTON TELECOM & MICROWAVETRADING AS COBHAM MICROWAVE SAS,AV.DE LA BALTIQUEZA de Courtaboeuf 31 91978 Villebon-sur-Yvette France,Sentinel-3 Satellites C/D Units construction,1/1/2018,12/31/2018,48.8481349,2.3042778,48.6964029,2.236654
European Space Agency Paris,COBHAM CHELTON TELECOM & MICROWAVETRADING AS COBHAM MICROWAVE SAS,AV.DE LA BALTIQUEZA de Courtaboeuf 31 91978 Villebon-sur-Yvette France,SENTINEL-6 A/B - DUPLEXER C-BAND,1/1/2018,12/31/2018,48.8481349,2.3042778,48.6964029,2.236654
European Space Agency Paris,CRISA SA COMPUTADORAS REDES E INGENIERIA,C/.TORRES QUEVEDOS/N 9 28760 MADRID Spain,SENTINEL-5 SWIR SS ACTIVITY,1/1/2018,12/31/2018,48.8481349,2.3042778,40.5933584,-3.710273
European Space Agency Paris,CS SYSTEMES D INFORMATION,ZAC DE LA GRANDE PLAINE 5 31506 F-31506 TOULOUSECEDEX 5 France,SENTINEL-2 PAYLOAD DATA GROUND SEGMENT (PDGS),1/1/2018,12/31/2018,48.8481349,2.3042778,43.551879,1.533877
European Space Agency Paris,CSL - CENTRE SPATIAL DE LIÈGE,Avenue Pré-aily 4031 ANGLEUR LIEGE Belgium,Sentinel 2 Satellites C/D Units construction,1/1/2018,12/31/2018,48.8481349,2.3042778,50.61135,5.59943
European Space Agency Paris,DEIMOS IMAGING S.L.U.,EDIFICIO GALILEO MODULO GRIS OFFICE 101 47151BOECILLO VALLADOLID Spain,COPERNICUS SPACE COMPONENT DATA ACCESS (CSC DA)  DATA WAREHOUSE,1/1/2018,12/31/2018,48.8481349,2.3042778,41.652251,-4.7245321
European Space Agency Paris,DEIMOS SPACE S.L.U,RONDA DE PONIENTE 19 EDIF.2 2A PL. 19 28760 TRESCANTOS/MADRID Spain,SENTINEL-1 UPGRADE FOR THE COMMISSIONING PHASE CALIBRATION AND PERFORMANCEANALYSIS FACILITY (CPAF) INFRASTRUCTURE,1/1/2018,12/31/2018,48.8481349,2.3042778,40.60332,-3.7169321
European Space Agency Paris,DTM SRL,VIA TACITO 65 41123 MODENA Italy,SENTINEL-5 MGSE ACTIVITY,1/1/2018,12/31/2018,48.8481349,2.3042778,44.650009,10.857002
European Space Agency Paris,EJR QUARTZ B.V,3E BINNENVESTGRACHT 23-F 2312 NR Leiden TheNetherlands,SENTINEL USER HANDBOOK  TECHNICAL EDITORIAL SERVICE,1/1/2018,12/31/2018,48.8481349,2.3042778,52.1643952,4.4916423
European Space Agency Paris,EUROPEAN SPACE IMAGING GMBH,Arnulfstrasse 199 80634 Munich Germany,COPERNICUS SPACE COMPONENT DATA ACCESS (CSC DA)  DATA WAREHOUSE,1/1/2018,12/31/2018,48.8481349,2.3042778,48.1491338,11.5226723
European Space Agency Paris,GMV AEROSPACE AND DEFENCE SA,ISAAC NEWTON / PTM 11 28760 MADRID / TRES CANTOS Spain,Sentinel-3 Satellites C/D Units construction,1/1/2018,12/31/2018,48.8481349,2.3042778,40.5912849,-3.7066223
European Space Agency Paris,GMV Insyen AG,Manchener Strasse 20 82234 Weling Germany,COPERNICUS OPERATIONS SERVICE SUPPORT,1/1/2018,12/31/2018,48.8481349,2.3042778,48.084865,11.2762022
European Space Agency Paris,HTG- HYPERSCHALL TECHNOLOGIE GOETTI,Am Handweisergraben 13 37120 Bovenden Germany,Sentinel-1 Satellites C/D Units Construction,1/1/2018,12/31/2018,48.8481349,2.3042778,51.5967235,9.9305285
European Space Agency Paris,IABG MBH,EINSTEINSTRASSE 20 85521 Ottobrunn Germany,SENTINEL-6 A/B - TEST FACILITIES,1/1/2018,12/31/2018,48.8481349,2.3042778,48.0510217,11.6591396
European Space Agency Paris,JENA-OPTRONIK GMBH,Otto-Eppenstein-Strasse 3 07745 JENA Germany,Sentinel 2 Satellites C/D Units construction,1/1/2018,12/31/2018,48.8481349,2.3042778,50.8865045,11.5903114
European Space Agency Paris,KNMI,Utrechtseweg 297 3731 GA DE BILT The Netherlands,SENTINEL-5 PRECURSOR (S5P) MISSION PERFORMANCE CENTRE (MPC),1/1/2018,12/31/2018,48.8481349,2.3042778,52.1015913,5.1779634
European Space Agency Paris,Leonardo S.p.a.,Piazza Monte Grappa 4 00195 ROME Italy,SENTINEL-5 SWIR SS ACTIVITY,1/1/2018,12/31/2018,48.8481349,2.3042778,41.91863,12.46882
European Space Agency Paris,Leonardo S.p.a.,Piazza Monte Grappa 4 00195 ROME Italy,SENTINEL-6 A/B - SAW,1/1/2018,12/31/2018,48.8481349,2.3042778,41.91863,12.46882
European Space Agency Paris,LSE Space GMBH,ARGELSRIEDERFELD 22 82234 WESSLING Germany,COPERNICUS OPERATIONS SERVICE SUPPORT,1/1/2018,12/31/2018,48.8481349,2.3042778,48.0817174,11.2758236
European Space Agency Paris,LSE Space GMBH,ARGELSRIEDERFELD 22 82234 WESSLING Germany,COPERNICUS PRECISE ORBIT DETERMINATION GPS ORBITS AND CLOCKS,1/1/2018,12/31/2018,48.8481349,2.3042778,48.0817174,11.2758236
European Space Agency Paris,LUFTBLICK OG,Kreith 39a 6162 Mutters Austria,POP (PANDONIA OPERATIONS),1/1/2018,12/31/2018,48.8481349,2.3042778,47.2026989,11.380398
European Space Agency Paris,MICOS ENGINEERING GMBH,Sackmatt 10A 6242 Wauwil Switzerland,SENTINEL-5 CAS ACTIVITY,1/1/2018,12/31/2018,48.8481349,2.3042778,47.1866779,8.0310586
European Space Agency Paris,NATIONAL PHYSICAL LABORATORY - NPL Management Limited,HAMPTON ROAD N/A TW11 0LW GB TEDDINGTON UnitedKingdom,VALIDATION FOR VEGETATION (VAL4VEG),1/1/2018,12/31/2018,48.8481349,2.3042778,51.4262404,-0.3436875
European Space Agency Paris,OCEANDATALAB,ROUTE DE DEOLEN 870 29280 LOCMARIA PLOUZANEFrance,SENTINEL-1 RADIAL VELOCITIES (RVL) PILOT PROJECT,1/1/2018,12/31/2018,48.8481349,2.3042778,48.3477932,-4.6404806
European Space Agency Paris,Planet Labs Germany GmbH,Kurfürstendamm 22 10719 BERLIN Germany,BLACKBRIDGE - COPERNICUS SPACE COMPONENT DATA ACCESS (CSC DA)  DATA WAREHOUSE,1/1/2018,12/31/2018,48.8481349,2.3042778,52.5039029,13.3302567
European Space Agency Paris,RHEA SYSTEM S.A.,AVENUE EINSTEIN 8 1300 Wavre Belgium,PDGS - ENGINEERING AND MANAGEMENT SUPPORT SERVICES,1/1/2018,12/31/2018,48.8481349,2.3042778,50.7306995,4.5879779
European Space Agency Paris,RHEA SYSTEM S.A.,AVENUE EINSTEIN 8 1300 Wavre Belgium,PDGS - ENGINEERING AND MANAGEMENT SUPPORT SERVICES (EMSS),1/1/2018,12/31/2018,48.8481349,2.3042778,50.7306995,4.5879779
European Space Agency Paris,RUAG SPACE AB,Solhusgatan (Delsjömotet) 11 405 15 GOETEBORG Sweden,Sentinel 2 Satellites C/D Units construction,1/1/2018,12/31/2018,48.8481349,2.3042778,57.676509,12.0229709
European Space Agency Paris,RUAG SPACE AB,Solhusgatan (Delsjömotet) 11 405 15 GOETEBORG Sweden,SENTINEL-5P TROPOMI INSTRUMENT IN-ORBIT OPERATIONS  MAINTENANCE SUPPORT,1/1/2018,12/31/2018,48.8481349,2.3042778,57.676509,12.0229709
European Space Agency Paris,SCISYS LTD,METHUEN PARK SN14 0GB CHIPPENHAM United Kingdom,DEVELOPMENT AND MAINTENANCE OF OPERATIONAL SIMULATOR FOR SENTINEL,1/1/2018,12/31/2018,48.8481349,2.3042778,51.4480078,-2.1423542
European Space Agency Paris,SERCO Italia SpA,VIA SCIADONNA 24/26 00044 I-00044 FRASCATI Italy,SENTINELS ROLLING ARCHIVE PRODUCTS USER ACCESS OPERATIONS MAINTENANCE ANDEVOLUTIONS,1/1/2018,12/31/2018,48.8481349,2.3042778,41.812079,12.680974
European Space Agency Paris,SODERN,AVENUE DESCARTES 20 94451 LIMEIL-BREVANNES France,SENTINEL-5 UV2VIS ACTIVITY,1/1/2018,12/31/2018,48.8481349,2.3042778,48.7405786,2.4866304
European Space Agency Paris,SODERN,AVENUE DESCARTES 20 94451 LIMEIL-BREVANNES France,SENTINEL-5P PLATFORM IN-ORBIT OPERATIONS  MAINTENANCE SUPPORT,1/1/2018,12/31/2018,48.8481349,2.3042778,48.7405786,2.4866304
European Space Agency Paris,SOLENIX DEUTSCHLAND GMBH,Spreestrasse 3 64295 DARMSTADT Germany,COPERNICUS SENTINELS HKTM ANALYSIS  WAREHOUSING TOOL. FOS ENGINEERING ANDOPERATIONAL SUPPORT,1/1/2018,12/31/2018,48.8481349,2.3042778,49.8695174,8.6358018
European Space Agency Paris,SPACETECH GMBH,SEELBACHSTRASSE 13 88090 Immenstaad Germany,SENTINEL-6 A/B - CESS,1/1/2018,12/31/2018,48.8481349,2.3042778,47.6745091,9.3550465
European Space Agency Paris,SPACETECH GMBH,SEELBACHSTRASSE 13 88090 Immenstaad Germany,SENTINEL-6 A/B - SAW,1/1/2018,12/31/2018,48.8481349,2.3042778,47.6745091,9.3550465
European Space Agency Paris,STFC RUTHERFORD APPLETON LABORATORY,HARWELL CAMPUS Didcot United Kingdom,Sentinel-3 Satellites C/D Units construction,1/1/2018,12/31/2018,48.8481349,2.3042778,51.5808909,-1.3077737
European Space Agency Paris,SWEDISH SPACE CORPORATION,Torggatan 15 P.O. Box 4207 171 04 Solna Sweden,COPERNICUS KIRUNA STATION OPERATIONS AND MAINTENANCE SERVICES,1/1/2018,12/31/2018,48.8481349,2.3042778,59.3688791,18.0084334
European Space Agency Paris,Teledyne e2v (UK) Limited,WATERHOUSE LANE 106 CM1 2QU CHELMSFORD UnitedKingdom,SENTINEL-5 UVN CCD ACTIVITY,1/1/2018,12/31/2018,48.8481349,2.3042778,51.7317195,0.4562485
European Space Agency Paris,TELESPAZIO S.P.A.,VIA TIBURTINA 965 00156 I 00156 ROMA Italy,COPERNICUS SPACE COMPONENT DATA ACCESS SYSTEM (CSCDA) COORDINATED DATA ACCESSSYSTEM (CDS) VERSION 3 EVOLUTIONS OPERATIONS AND MAINTENANCE (CDS V3),1/1/2018,12/31/2018,48.8481349,2.3042778,41.9275217,12.574582
European Space Agency Paris,Telespazio VEGA Deutschland GmbH,Europaplatz 5 64293 DARMSTADT Germany,COPERNICUS FLIGHT OPERATIONS SEGMENT MISSION CONTROL SYSTEM EVOLUTION TECHNICALSTUDY,1/1/2018,12/31/2018,48.8481349,2.3042778,49.8826827,8.6030937
European Space Agency Paris,Telespazio VEGA Deutschland GmbH,Europaplatz 5 64293 DARMSTADT Germany,COPERNICUS OPERATIONS SERVICE SUPPORT,1/1/2018,12/31/2018,48.8481349,2.3042778,49.8826827,8.6030937
European Space Agency Paris,Telespazio VEGA Deutschland GmbH,Europaplatz 5 64293 DARMSTADT Germany,STUDY ON OPERATIONS PREPARATION ENVIRONMENT(S) FOR MANAGEMENT OF COPERNICUSSENTINEL MULTI-SATELLITE CONSTELLATIONS (OPEN-MC),1/1/2018,12/31/2018,48.8481349,2.3042778,49.8826827,8.6030937
European Space Agency Paris,THALES ALENIA SPACE ESPANA,C / EINSTEIN 7 (PTM) 28760 E-28760 TRES CANTOS -MADRID Spain,Sentinel-3 Satellites C/D Units construction,1/1/2018,12/31/2018,48.8481349,2.3042778,40.5917605,-3.7093783
European Space Agency Paris,THALES ALENIA SPACE ESPANA,C / EINSTEIN 7 (PTM) 28760 E-28760 TRES CANTOS -MADRID Spain,SENTINEL-6 A/B - SBT,1/1/2018,12/31/2018,48.8481349,2.3042778,40.5917605,-3.7093783
European Space Agency Paris,THALES ALENIA SPACE FRANCE,AVENUE JEAN-FRANCOIS CHAMPOLLION 26 31100TOULOUSE France,COPERNICUS SPACE COMPONENT SENTINEL-2 PAYLOAD DATA GROUND SEGMENT SYSTEMOPERATIONS MAINTENANCE AND EVOLUTION,1/1/2018,12/31/2018,48.8481349,2.3042778,43.5478677,1.3939856
European Space Agency Paris,THALES ALENIA SPACE FRANCE,AVENUE JEAN-FRANCOIS CHAMPOLLION 26 31100TOULOUSE France,SENTINEL-2 PAYLOAD DATA GROUND SEGMENT (PDGS),1/1/2018,12/31/2018,48.8481349,2.3042778,43.5478677,1.3939856
European Space Agency Paris,THALES ALENIA SPACE FRANCE,AVENUE JEAN-FRANCOIS CHAMPOLLION 26 31100TOULOUSE France,Sentinel-3 Satellites C/D Units construction,1/1/2018,12/31/2018,48.8481349,2.3042778,43.5478677,1.3939856
European Space Agency Paris,THALES ALENIA SPACE ITALIA SPA,VIA SACCOMURO 24 00131 ROME Italy,Sentinel-1 Satellites C/D Units Construction,1/1/2018,12/31/2018,48.8481349,2.3042778,41.9365023,12.6095119
European Space Agency Paris,THALES ALENIA SPACE ITALIA SPA,VIA SACCOMURO 24 00131 ROME Italy,Sentinel-3 Satellites C/D Units construction,1/1/2018,12/31/2018,48.8481349,2.3042778,41.9365023,12.6095119
European Space Agency Paris,THALES SERVICES S.A.S,AVENUE DU GENERAL EISENHOWER Number 31037 BP 1228TOULOUSE France,SENTINEL-2 PAYLOAD DATA GROUND SEGMENT (PDGS),1/1/2018,12/31/2018,48.8481349,2.3042778,43.5593608,1.3968563
European Space Agency Paris,T-Systems International GmbH,HAHNSTRASSE 43 D 60528 FRANKFURT MAIN Germany,DATA CIRCULATION  DISSEMINATION NETWORK AND SECURITY FOR THE GMES SENTINELSSATELLITES,1/1/2018,12/31/2018,48.8481349,2.3042778,50.081391,8.6360785
European Space Agency Paris,TTI,Albert Einstein 14 39011 SANTANDER Spain,PORTING OF GROUND STATION MONITORING AND CONTROL SYSTEM IN SUPPORT TO COPERNICUSSENTINELS MULTI-SATELLITE CONSTELLATIONS,1/1/2018,12/31/2018,48.8481349,2.3042778,43.45329,-3.86997
European Space Agency Paris,TU Wien,Karlsplatz 13 1040 WIEN Austria,DEVELOPMENT OF A GLOBAL  SENTINEL-1 LAND SURFACE BACKSCATTER MODEL,1/1/2018,12/31/2018,48.8481349,2.3042778,48.1989798,16.3699039
European Space Agency Paris,UNIVERSITY OF SOUTHAMPTON,HIGHFIELD Number SO17 1BJ GB SOUTHAMPTON SO17 1BJUnited Kingdom,COPERNICUS SENTINEL-3 SEA AND LAND SURFACE TEMPERATURE RADIOMETER SEA SURFACETEMPERATURE VALIDATION USING FIDUCIAL REFERENCE MEASUREMENTS SERVICE,1/1/2018,12/31/2018,48.8481349,2.3042778,50.9350748,-1.3957558
European Space Agency Paris,VISIOTERRA,Rue Albert Einstein 14 77420 CHAMPS-SUR-MARNE France,SENTINEL VISION SERVICE,1/1/2018,12/31/2018,48.8481349,2.3042778,48.8347332,2.592938
European Space Agency Paris,VITO VL.INST.TECHN.ONDERZOEK,BOERETANG 200 2400 MOL Belgium,COPERNICUS SPACE COMPONENT DATA ACCESS (CSC DA)  DATA WAREHOUSE,1/1/2018,12/31/2018,48.8481349,2.3042778,51.2137712,5.0990862
European Space Agency Paris,ACRI-ST S.A.S.,ROUTE DU PIN MONTARD 260 06904 SOPHIA ANTIPOLISCEDEX France,PREPARATION AND OPERATIONS OF THE MISSION PERFORMANCE CENTRE (MPC) FOR THESENTINEL-3 MISSION,1/1/2019,12/31/2019,48.8481349,2.3042778,43.6236709,7.0593799
European Space Agency Paris,Airbus Def&Space GmbH,Claude-Dornier-Strasse 88090 Immenstaad Germany,Sentinel 2 Satellites C/D Units construction,1/1/2019,12/31/2019,48.8481349,2.3042778,47.6676454,9.3847333
European Space Agency Paris,Airbus Def&Space GmbH,Claude-Dornier-Strasse 88090 Immenstaad Germany,Sentinel-1 Satellites C/D Units Construction,1/1/2019,12/31/2019,48.8481349,2.3042778,47.6676454,9.3847333
European Space Agency Paris,Airbus Def&Space GmbH,Claude-Dornier-Strasse 88090 Immenstaad Germany,SENTINEL-5 PHASE B2,1/1/2019,12/31/2019,48.8481349,2.3042778,47.6676454,9.3847333
European Space Agency Paris,Airbus Def&Space GmbH,Claude-Dornier-Strasse 88090 Immenstaad Germany,SENTINEL-6 A/B - PRIME,1/1/2019,12/31/2019,48.8481349,2.3042778,47.6676454,9.3847333
European Space Agency Paris,AIRBUS DEFENCE & SPACE NETHERLANDS B.V.,MENDELWEG 30 2333 CS LEIDEN Netherlands,Sentinel 2 Satellites C/D Units construction,1/1/2019,12/31/2019,48.8481349,2.3042778,52.1645653,4.4707497
European Space Agency Paris,AIRBUS DEFENCE & SPACE NETHERLANDS B.V.,MENDELWEG 30 2333 CS LEIDEN Netherlands,Sentinel-1 Satellites C/D Units Construction,1/1/2019,12/31/2019,48.8481349,2.3042778,52.1645653,4.4707497
European Space Agency Paris,Airbus Defence and Space GmbH,Willy-Messerschmitt-Str. 1 82024 Taufkirchen Germany,COPERNICUS DIGITAL ELEVATION MODEL (DEM),1/1/2019,12/31/2019,48.8481349,2.3042778,48.0463459,11.6580944
European Space Agency Paris,AIRBUS DEFENCE AND SPACE LIMITED,GUNNELS WOOD ROAD SG1 2AS STEVENAGE UnitedKingdom,HOSTING OPERATION MAINTENANCE EVOLUTION AND CONTENTMANAGEMENT OF AGENCYSCOPERNICUS SENTINELS WORLD WIDEWEB SITES,1/1/2019,12/31/2019,48.8481349,2.3042778,51.9012133,-0.2142677
European Space Agency Paris,AIRBUS DEFENCE AND SPACE LIMITED,GUNNELS WOOD ROAD SG1 2AS STEVENAGE UnitedKingdom,Sentinel-1 Satellites C/D Units Construction,1/1/2019,12/31/2019,48.8481349,2.3042778,51.9012133,-0.2142677
European Space Agency Paris,AIRBUS DEFENCE AND SPACE LIMITED,GUNNELS WOOD ROAD SG1 2AS STEVENAGE UnitedKingdom,SENTINEL-6 A/B - MPPS,1/1/2019,12/31/2019,48.8481349,2.3042778,51.9012133,-0.2142677
European Space Agency Paris,AIRBUS DEFENCE AND SPACE SAS,Rue des Cosmonautes 31 31402 Toulouse France,Sentinel 2 Satellites C/D Units construction,1/1/2019,12/31/2019,48.8481349,2.3042778,43.5621533,1.4998375
European Space Agency Paris,AIRBUS DEFENCE AND SPACE SAS,Rue des Cosmonautes 31 31402 Toulouse France,SENTINEL-1 PAYLOAD DATA GROUND SEGMENT SYSTEM OPERATIONS MAINTENANCE ANDEVOLUTIONS,1/1/2019,12/31/2019,48.8481349,2.3042778,43.5621533,1.4998375
European Space Agency Paris,AIRBUS DEFENCE AND SPACE S.A.U,AVENIDA DE ARAGÓN 404 28022 MADRID Spain,Sentinel 2 Satellites C/D Units construction,1/1/2019,12/31/2019,48.8481349,2.3042778,40.449264,-3.5609874
European Space Agency Paris,AIRBUS DEFENCE AND SPACE S.A.U,AVENIDA DE ARAGÓN 404 28022 MADRID Spain,Sentinel-3 Satellites C/D Units construction,1/1/2019,12/31/2019,48.8481349,2.3042778,40.449264,-3.5609874
European Space Agency Paris,AIRBUS DEFENCE AND SPACE S.A.U,AVENIDA DE ARAGÓN 404 28022 MADRID Spain,SENTINEL-6 A/B - HARNESS,1/1/2019,12/31/2019,48.8481349,2.3042778,40.449264,-3.5609874
European Space Agency Paris,AIRBUS DS GEO SA,RUE DES SATELLITES 5 31030 TOULOUSE CEDEX  4 France,COPERNICUS SPACE COMPONENT DATA ACCESS (CSC DA)  DATA WAREHOUSE,1/1/2019,12/31/2019,48.8481349,2.3042778,43.5542839,1.4872123
European Space Agency Paris,ALIA SPACE SYSTEMS SRL,VIA LUNATI 10 00044 FRASCATI Italy,COPERNICUS DATA ACQUISITION CAPACITY ANALYSIS,1/1/2019,12/31/2019,48.8481349,2.3042778,41.8068941,12.68051
European Space Agency Paris,ALMATECH SA,EPFL INNOVATION PARK BUILDING D Building D 1015LAUSANNE Switzerland,SENTINEL-5 IOMSR ACTIVITY,1/1/2019,12/31/2019,48.8481349,2.3042778,46.5171265,6.5618027
European Space Agency Paris,ARESYS SRL,VIA FLUMENDOSA 16 20132 MILANO Italy,SENTINEL-1 RADIO FREQUENCY INTERFERENCES GLOBAL MAPPING,1/1/2019,12/31/2019,48.8481349,2.3042778,45.504696,9.24505
European Space Agency Paris,ARIANESPACE,BOULEVARD DE L'EUROPEBP 177 300 91006 EVRY-COURCOURONNES CEDEX France,VEGA-C LAUNCHER COMPATIBILITY STUDY FOR SENTINEL-1C,1/1/2019,12/31/2019,48.8481349,2.3042778,48.6310856,2.4211971
European Space Agency Paris,ARIANESPACE,BOULEVARD DE L'EUROPEBP 177 300 91006 EVRY-COURCOURONNES CEDEX France,VEGA-C LAUNCHER COMPATIBILITY STUDY FOR SENTINEL-2C,1/1/2019,12/31/2019,48.8481349,2.3042778,48.6310856,2.4211971
European Space Agency Paris,ARIANESPACE,BOULEVARD DE L'EUROPEBP 177 300 91006 EVRY-COURCOURONNES CEDEX France,VEGA-C LAUNCHER COMPATIBILITY STUDY FOR SENTINEL-3C,1/1/2019,12/31/2019,48.8481349,2.3042778,48.6310856,2.4211971
European Space Agency Paris,ATOS IT SOLUTIONS & SERVICES GMBH,Siemensstraße  92 1210 Wien Austria,SENTINEL-5 EGSE ACTIVITY,1/1/2019,12/31/2019,48.8481349,2.3042778,48.2770352,16.404805
European Space Agency Paris,ATOS IT SOLUTIONS & SERVICES GMBH,Siemensstraße  92 1210 Wien Austria,SENTINEL-6 A/B - EGSE,1/1/2019,12/31/2019,48.8481349,2.3042778,48.2770352,16.404805
European Space Agency Paris,C-CORE,CAPTAIN ROBERT A. BARTLETT BUILDING 1 A1B 3X5STJOHNS Canada,SENTINEL-1 TRANSPONDER REFURBISHMENT,1/1/2019,12/31/2019,48.8481349,2.3042778,47.5650867,-52.7477631
European Space Agency Paris,CLS COLLECTE LOCALISATION SATELLITES,PARC TECHNOLOGIQUE DU CANAL RUE HERMES 11 31520RAMONVILLE SAINT-AGNE France,MISSION PERFORMANCE CENTERS (MPC) FOR SENTINEL 1,1/1/2019,12/31/2019,48.8481349,2.3042778,43.5497494,1.4858565
European Space Agency Paris,CLS COLLECTE LOCALISATION SATELLITES,PARC TECHNOLOGIQUE DU CANAL RUE HERMES 11 31520RAMONVILLE SAINT-AGNE France,OFF-LINE PROCESSING AND ARCHIVING CENTRES (PACS),1/1/2019,12/31/2019,48.8481349,2.3042778,43.5497494,1.4858565
European Space Agency Paris,CLS COLLECTE LOCALISATION SATELLITES,PARC TECHNOLOGIQUE DU CANAL RUE HERMES 11 31520RAMONVILLE SAINT-AGNE France,Sentinel-3 Satellites C/D Units construction,1/1/2019,12/31/2019,48.8481349,2.3042778,43.5497494,1.4858565
European Space Agency Paris,COM DEV EUROPE LIMITED (T/A HONEYWELL),TRIANGLE BUSINESS PARK 10 HP22 5SX AYLESBURYUnited Kingdom,Sentinel-1 Satellites C/D Units Construction,1/1/2019,12/31/2019,48.8481349,2.3042778,51.779623,-0.771875
European Space Agency Paris,CRISA SA COMPUTADORAS REDES E INGENIERIA,C/.TORRES QUEVEDO 9 28760 MADRID Spain,SENTINEL-5 ICS ACTIVITY,1/1/2019,12/31/2019,48.8481349,2.3042778,40.5933584,-3.710273
European Space Agency Paris,CRISA SA COMPUTADORAS REDES E INGENIERIA,C/.TORRES QUEVEDO 9 28760 MADRID Spain,SENTINEL-5 UVN FEE ACTIVITY,1/1/2019,12/31/2019,48.8481349,2.3042778,40.5933584,-3.710273
European Space Agency Paris,CRISA SA COMPUTADORAS REDES E INGENIERIA,C/.TORRES QUEVEDO 9 28760 MADRID Spain,SENTINEL-6 A/B - PCDU,1/1/2019,12/31/2019,48.8481349,2.3042778,40.5933584,-3.710273
European Space Agency Paris,CS SYSTEMES D INFORMATION,ZAC DE LA GRANDE PLAINE 5 31506 F-31506 TOULOUSECEDEX 5 France,PREPARATION AND OPERATIONS OF THE MISSION PERFORMANCE CENTRE (MPC) FOR THESENTINEL-2 MISSION,1/1/2019,12/31/2019,48.8481349,2.3042778,43.551879,1.533877
European Space Agency Paris,DLR - GERMAN AEROSPACE CENTER,Linder Höhe 1 51147 Cologne Germany,OFF-LINE PROCESSING AND ARCHIVING CENTRES (PACS),1/1/2019,12/31/2019,48.8481349,2.3042778,50.8681948,7.1238985
European Space Agency Paris,DLR - GERMAN AEROSPACE CENTER,Linder Höhe 1 51147 Cologne Germany,SENTINEL-1 AUXILIARY PRODUCT FOR PRECISE ATMOSPHERIC AND GEODETIC CORRECTION,1/1/2019,12/31/2019,48.8481349,2.3042778,50.8681948,7.1238985
European Space Agency Paris,DLR - GERMAN AEROSPACE CENTER,Linder Höhe 1 51147 Cologne Germany,SENTINEL-5 PRECURSOR PAYLOAD DATA GROUND SEGMENT UPGRADE TO OPERATIONS,1/1/2019,12/31/2019,48.8481349,2.3042778,50.8681948,7.1238985
European Space Agency Paris,DTM SRL,VIA TACITO 65 41123 MODENA Italy,SENTINEL-5 MGSE ACTIVITY,1/1/2019,12/31/2019,48.8481349,2.3042778,44.650009,10.857002
European Space Agency Paris,E-GEOS,VIA TIBURTINA  965 00156 ROMA Italy,PREPARATION AND OPERATION OF THE CORE X-BAND ACQUISITION AND NEAR REAL-TIMEFACILITIES - MATERA GROUND STATION,1/1/2019,12/31/2019,48.8481349,2.3042778,41.9275217,12.574582
European Space Agency Paris,EJR QUARTZ B.V,Legewerfsteeg 8 2312 GW LEIDEN Netherlands,SENTINEL USER HANDBOOK  TECHNICAL EDITORIAL SERVICE,1/1/2019,12/31/2019,48.8481349,2.3042778,52.1608278,4.4964096
European Space Agency Paris,EUROPEAN SPACE IMAGING GMBH,ARNULFSTRASSE 199 80634 MUNICH Germany,COPERNICUS SPACE COMPONENT DATA ACCESS (CSC DA)  DATA WAREHOUSE,1/1/2019,12/31/2019,48.8481349,2.3042778,48.1491338,11.5226723
European Space Agency Paris,GMV AEROSPACE AND DEFENCE SA,ISAAC NEWTON / PTM 11 28760 MADRID / TRES CANTOSSpain,SENTINEL 1 2 3 PRECISE ORBIT DETERMINATION SERVICE,1/1/2019,12/31/2019,48.8481349,2.3042778,40.5912849,-3.7066223
European Space Agency Paris,GMV AEROSPACE AND DEFENCE SA,ISAAC NEWTON / PTM 11 28760 MADRID / TRES CANTOSSpain,SENTINEL-1 OPERATIONAL SIMULATOR DEVELOPMENT AND MAINTENANCE,1/1/2019,12/31/2019,48.8481349,2.3042778,40.5912849,-3.7066223
European Space Agency Paris,IABG MBH,EINSTEINSTRASSE 20 85521 OTTOBRUNN Germany,SENTINEL-5 ITF ACTIVITY,1/1/2019,12/31/2019,48.8481349,2.3042778,48.0510217,11.6591396
European Space Agency Paris,INDRA SISTEMAS,Avenida de Bruselas  33-35 28108 Alcobendas - Madrid Spain,OFF-LINE PROCESSING AND ARCHIVING CENTRES (PACS),1/1/2019,12/31/2019,48.8481349,2.3042778,40.5290033,-3.6411769
European Space Agency Paris,INTA. INSTITUTO NACIONAL DE TECNICA AEROESPACIAL,CARRETERA DE AJALVIR KM4 Km4 28850 TORREJON DEARDOZ MADRID Spain,ACQUISITION AND NEAR REAL-TIME (NRT) STATIONS,1/1/2019,12/31/2019,48.8481349,2.3042778,40.5406671,-3.4663409
European Space Agency Paris,JENA-OPTRONIK GMBH,Otto-Eppenstein-Strasse 3 07745 JENA Germany,SENTINEL- 5 NIR SO ACTIVITY,1/1/2019,12/31/2019,48.8481349,2.3042778,50.8865045,11.5903114
European Space Agency Paris,KONGSBERG SATELLITE SERVICES AS,PRESTVANNVEIEN 38 9291 TROMSO Norway,PREPARATION AND OPERATION OF THE CORE X-BAND ACQUISITION AND NEAR REAL-TIMEFACILITIES - SVALBARD GROUND STATION,1/1/2019,12/31/2019,48.8481349,2.3042778,69.6619633,18.941816
European Space Agency Paris,Leonardo S.p.a.,Piazza Monte Grappa 4 00195 Rome Italy,SENTINEL-3 IN-ORBIT OPERATIONS  MAINTENANCE SUPPORT.,1/1/2019,12/31/2019,48.8481349,2.3042778,41.91863,12.46882
European Space Agency Paris,Leonardo S.p.a.,Piazza Monte Grappa 4 00195 Rome Italy,Sentinel-3 Satellites C/D Units construction,1/1/2019,12/31/2019,48.8481349,2.3042778,41.91863,12.46882
European Space Agency Paris,Leonardo S.p.a.,Piazza Monte Grappa 4 00195 Rome Italy,SENTINEL-5 SWIR SS ACTIVITY,1/1/2019,12/31/2019,48.8481349,2.3042778,41.91863,12.46882
European Space Agency Paris,LSE Space GMBH,ARGELSRIEDERFELD 22 82234 WESSLING Germany,COPERNICUS OPERATIONS SERVICE SUPPORT,1/1/2019,12/31/2019,48.8481349,2.3042778,48.0817174,11.2758236
European Space Agency Paris,LUSOSPACE - PROJ DE ENGENHARIA,RUA SARMENTO BEIRES 31A 1900-411 LISBOA Portugal,SENTINEL-5 OGSE ACTIVITY,1/1/2019,12/31/2019,48.8481349,2.3042778,38.7442006,-9.1285227
European Space Agency Paris,MICOS ENGINEERING GMBH,Sackmatt 10a 6242 Wauwil Switzerland,SENTINEL-5 CAS ACTIVITY,1/1/2019,12/31/2019,48.8481349,2.3042778,47.1866779,8.0310586
European Space Agency Paris,NANSEN ENVIRONMENTAL & REMOTE SENSI,THORMOHLENS GATE 47 5006 BERGEN Norway,SENTINEL-1 ADVANCED NOISE REMOVAL APPROACH,1/1/2019,12/31/2019,48.8481349,2.3042778,60.3823085,5.3267813
European Space Agency Paris,OCEANDATALAB,ROUTE DE DEOLEN  870 29280 LOCMARIA PLOUZANEFrance,SENTINEL-1 RADIAL VELOCITIES (RVL) PILOT PROJECT,1/1/2019,12/31/2019,48.8481349,2.3042778,48.3477932,-4.6404806
European Space Agency Paris,Rayference SPRL,Avenue Paul Deschanel  247 B3 1030 Brussels Belgium,RADIATIVE TRANSFER MODEL FOR PRODUCTS VALIDATION (RTMPV),1/1/2019,12/31/2019,48.8481349,2.3042778,50.8549408,4.3774348
European Space Agency Paris,RUAG SPACE GMBH,STACHEGASSE 16 1120 WIEN Austria,Sentinel-1 Satellites C/D Units Construction,1/1/2019,12/31/2019,48.8481349,2.3042778,48.1622934,16.311053
European Space Agency Paris,RUAG SPACE GMBH,STACHEGASSE 16 1120 WIEN Austria,SENTINEL-3 IN-ORBIT OPERATIONS  MAINTENANCE SUPPORT,1/1/2019,12/31/2019,48.8481349,2.3042778,48.1622934,16.311053
European Space Agency Paris,RUAG SPACE GMBH,STACHEGASSE 16 1120 WIEN Austria,SENTINEL-5 IOMT ACTIVITY,1/1/2019,12/31/2019,48.8481349,2.3042778,48.1622934,16.311053
European Space Agency Paris,SCIENCE AND TECHNOLOGY BV,Olof Palmestraat 14 2616 LR DELFT Netherlands,SENTINEL 5-P PRODUCT ALGORITHM LABORATORY,1/1/2019,12/31/2019,48.8481349,2.3042778,52.014294,4.3761549
European Space Agency Paris,SCISYS DEUTSCHLAND GMBH,BORGMANNSTRASSE 2 44894 BOCHUM Germany,ADAPTATION OF FLIGHT DYNAMICS ORBIT INFRASTRUCTURE FOR SENTINEL-C/D,1/1/2019,12/31/2019,48.8481349,2.3042778,51.5038776,7.3141874
European Space Agency Paris,SCISYS UK Ltd,METHUEN PARK SN14 0GB CHIPPENHAM United Kingdom,DEVELOPMENT AND MAINTENANCE OF OPERATIONAL SIMULATOR FOR SENTINEL,1/1/2019,12/31/2019,48.8481349,2.3042778,51.4480078,-2.1423542
European Space Agency Paris,SENER AEROESPACIAL S.A.,Avenida de Zugazarte 56 48930 Getxo Spain,SENTINEL-5 SWIR SS ACTIVITY,1/1/2019,12/31/2019,48.8481349,2.3042778,43.327748,-3.014139
European Space Agency Paris,SERCO Italia SpA,VIA SCIADONNA  24/26 00044 I-00044 FRASCATI Italy,SENTINELS ROLLING ARCHIVE PRODUCTS USER ACCESS OPERATIONS MAINTENANCE ANDEVOLUTIONS,1/1/2019,12/31/2019,48.8481349,2.3042778,41.812079,12.680974
European Space Agency Paris,SIMON FRASER UNIVERSITY,8888 University Drive 0 V5A 1S6 Vancouver Canada,SENTINEL-1 DOPPLER CENTROID ESTIMATION ANALYSIS,1/1/2019,12/31/2019,48.8481349,2.3042778,49.2796202,-122.9184617
European Space Agency Paris,SODERN,AVENUE DESCARTES 20 94451 LIMEIL-BREVANNES France,SENTINEL-3 IN-ORBIT OPERATIONS MAINTENANCE SUPPORT,1/1/2019,12/31/2019,48.8481349,2.3042778,48.7405786,2.4866304
European Space Agency Paris,SODERN,AVENUE DESCARTES 20 94451 LIMEIL-BREVANNES France,SENTINEL-5 UV2VIS ACTIVITY,1/1/2019,12/31/2019,48.8481349,2.3042778,48.7405786,2.4866304
European Space Agency Paris,Sorbonne Université SU,PLACE JUSSIEU 4 75252 PARIS CEDEX France,SENTINEL 2  3 FIDUCIAL REFERENCES: MEASUREMENT FOR OCEAN COLOUR,1/1/2019,12/31/2019,48.8481349,2.3042778,48.8466079,2.3549061
European Space Agency Paris,SPACETECH GMBH,SEELBACHSTRASSE 13 88090 IMMENSTAAD Germany,SENTINEL-6 A/B - SAW,1/1/2019,12/31/2019,48.8481349,2.3042778,47.6745091,9.3550465
European Space Agency Paris,STFC RUTHERFORD APPLETON LABORATORY,HARWELL CAMPUS OX11 0QX DIDCOT United Kingdom,SENTINEL-3 OPTICAL PHASE E1 MANAGEMENT,1/1/2019,12/31/2019,48.8481349,2.3042778,51.5808909,-1.3077737
European Space Agency Paris,SWEDISH SPACE CORPORATION,Torggatan  15 171 04 SOLNA Sweden,KIRUNA STATION OPERATIONS AND MAINTENANCE SERVICES,1/1/2019,12/31/2019,48.8481349,2.3042778,59.3560959,17.9732053
European Space Agency Paris,TAITUS SOFTWARE ITALIA SRL,Via Frascati 60 00078 Monte Porzio Catone (RM) Italy,SaVoir licenses & GSA maintenance,1/1/2019,12/31/2019,48.8481349,2.3042778,41.8149909,12.6949306
European Space Agency Paris,TELECOM ITALIA S.P.A. O TIM S.P.A.,Via Gaetano Negri 1 1 20123 Milano Italy,EARTH OBSERVATION ENHANCED SECURITY OPERATIONS SERVICES (ESOS) FOR COPERNICUS,1/1/2019,12/31/2019,48.8481349,2.3042778,45.4651287,9.184294
European Space Agency Paris,TELESPAZIO S.P.A.,VIA TIBURTINA 965 00156 ROME Italy,PRISM: COPERNICUS CONTRIBUTING MISSIONS ACCESS SUPPORT FUNCTIONS AND PLATFORM,1/1/2019,12/31/2019,48.8481349,2.3042778,41.9275217,12.574582
European Space Agency Paris,TESAT-SPACECOM GMBH & CO.KG,Gerberstrasse 49 71522 BACKNANG Germany,OPTICAL COMMUNICATION PAYLOADS IN-ORBIT MAINTENANCE SUPPORT,1/1/2019,12/31/2019,48.8481349,2.3042778,48.9444386,9.4246197
European Space Agency Paris,TESAT-SPACECOM GMBH & CO.KG,Gerberstrasse 49 71522 BACKNANG Germany,Sentinel 2 Satellites C/D Units construction,1/1/2019,12/31/2019,48.8481349,2.3042778,48.9444386,9.4246197
European Space Agency Paris,TESAT-SPACECOM GMBH & CO.KG,Gerberstrasse 49 71522 BACKNANG Germany,Sentinel-1 Satellites C/D Units Construction,1/1/2019,12/31/2019,48.8481349,2.3042778,48.9444386,9.4246197
European Space Agency Paris,TESAT-SPACECOM GMBH & CO.KG,Gerberstrasse 49 71522 BACKNANG Germany,SENTINEL-6 A/B - XBDA,1/1/2019,12/31/2019,48.8481349,2.3042778,48.9444386,9.4246197
European Space Agency Paris,THALES ALENIA SPACE ESPANA,C / EINSTEIN 7 (PTM) 28760 E-28760 TRES CANTOS -MADRID Spain,Sentinel 2 Satellites C/D Units construction,1/1/2019,12/31/2019,48.8481349,2.3042778,40.5917605,-3.7093783
European Space Agency Paris,THALES ALENIA SPACE ESPANA,C / EINSTEIN 7 (PTM) 28760 E-28760 TRES CANTOS -MADRID Spain,SENTINEL-5 DSE ACTIVITY,1/1/2019,12/31/2019,48.8481349,2.3042778,40.5917605,-3.7093783
European Space Agency Paris,THALES ALENIA SPACE FRANCE,AVENUE JEAN-FRANCOIS CHAMPOLLION 26 31100TOULOUSE France,SENTINEL-2 PAYLOAD DATA GROUND SEGMENT SYSTEM OPERATIONS MAINTENANCE ANDEVOLUTION,1/1/2019,12/31/2019,48.8481349,2.3042778,43.5478677,1.3939856
European Space Agency Paris,THALES ALENIA SPACE FRANCE,AVENUE JEAN-FRANCOIS CHAMPOLLION 26 31100TOULOUSE France,Sentinel-3 Satellites C/D Units construction,1/1/2019,12/31/2019,48.8481349,2.3042778,43.5478677,1.3939856
European Space Agency Paris,THALES ALENIA SPACE ITALIA SPA,VIA SACCOMURO 24 00131 ROME Italy,SENTINEL-1 - IN-ORBIT OPERATIONS  MAINTENANCE SUPPORT,1/1/2019,12/31/2019,48.8481349,2.3042778,41.9365023,12.6095119
European Space Agency Paris,THALES ALENIA SPACE ITALIA SPA,VIA SACCOMURO 24 00131 ROME Italy,Sentinel-1 Satellites C/D Units Construction,1/1/2019,12/31/2019,48.8481349,2.3042778,41.9365023,12.6095119
European Space Agency Paris,THALES ALENIA SPACE ITALIA SPA,VIA SACCOMURO 24 00131 ROME Italy,Sentinel-1 Satellites C/D Units Construction,1/1/2019,12/31/2019,48.8481349,2.3042778,41.9365023,12.6095119
European Space Agency Paris,TNO Netherlands Organisation for Applied Scientific Research,Anna van Buerenplein 1 2595 DA The Hague Netherlands,SENTINEL-5 PHASE B2 C/D E1 CALIBRATION ENGINEERING.,1/1/2019,12/31/2019,48.8481349,2.3042778,52.0822773,4.3258071
European Space Agency Paris,TNO Netherlands Organisation for Applied Scientific Research,Anna van Buerenplein 1 2595 DA The Hague Netherlands,SENTINEL-5 UV1 ACTIVITY,1/1/2019,12/31/2019,48.8481349,2.3042778,52.0822773,4.3258071
European Space Agency Paris,T-Systems International GmbH,HAHNSTRASSE 43 D 60528 FRANKFURT MAIN Germany,DATA CIRCULATION DISSEMINATION NETWORK AND SECURITY FOR THE SENTINELS SATELLITES,1/1/2019,12/31/2019,48.8481349,2.3042778,50.081391,8.6360785
European Space Agency Paris,VISIOTERRA,Rue Albert Einstein 14 77420 Champs-sur-Marne France,SENTINEL VISION SERVICE,1/1/2019,12/31/2019,48.8481349,2.3042778,48.8347332,2.592938
European Space Agency Paris,VITO VL.INST.TECHN.ONDERZOEK,BOERETANG 200 2400 MOL Belgium,COPERNICUS SPACE COMPONENT DATA ACCESS (CSC DA)  DATA WAREHOUSE,1/1/2019,12/31/2019,48.8481349,2.3042778,51.2137712,5.0990862
