European Space Agency Paris,ACRI-ST S.A.S.,ROUTE DU PIN MONTARD SOPHIA ANTIPOLIS CEDEXFrance,SENTINEL-3 - PREPARATION AND OPERATIONS OF THE MISSIONPERFORMANCE CENTRE (MPC),1/1/2017,12/31/2017,"559,007"
European Space Agency Paris,ACRI-ST S.A.S.,ROUTE DU PIN MONTARD SOPHIA ANTIPOLIS CEDEXFrance,Sentinel-3 OLCI In-flight Performance Analysis,1/1/2017,12/31/2017,"262,284"
European Space Agency Paris,ACS ADVANCED COMPUTER SYSTEMS,VIA DELLA BUFALOTTA 378 00414 ROME Italy,Sentinel-2 Payload Data Ground Segment  (PDGS) system operationsmaintenance and evolutions,1/1/2017,12/31/2017,"1,144,723"
European Space Agency Paris,AIRBUS DEFENCE & SPACENETHERLANDS(FORMER DUTCH SPACE),MENDELWEG Leiden The Netherlands,Sentinel 2 Satellites C/D Units construction,1/1/2017,12/31/2017,"168,474"
European Space Agency Paris,AIRBUS DEFENCE AND SPACE LIMITED,GUNNELS WOOD ROAD STEVENAGE United Kingdom,HOSTING OPERATION MAINTENANCE EVOLUTION ANDCONTENTMANAGEMENT OF AGENCYS COPERNICUS SENTINELSWORLD WIDEWEB SITES,1/1/2017,12/31/2017,"500,000"
European Space Agency Paris,AIRBUS DEFENCE AND SPACE LIMITED,GUNNELS WOOD ROAD STEVENAGE United Kingdom,SENTINEL-6A/B-MPPS,1/1/2017,12/31/2017,"117,293"
European Space Agency Paris,AIRBUS DEFENCE AND SPACE SAS,Route de Verneuil LES MUREAUX France,COPERNICUS DATA AND INFORMATION ACCESS SERVICESOPERATIONS,1/1/2017,12/31/2017,"15,918,899"
European Space Agency Paris,AIRBUS DEFENCE AND SPACE S.A.U,AVENIDA DE ARAGÓN  MADRID Spain,SENTINEL-3 C/D UNITS - MWR,1/1/2017,12/31/2017,"50,000"
European Space Agency Paris,AIRBUS DEFENCE AND SPACE S.A.U,AVENIDA DE ARAGÓN  MADRID Spain,SENTINEL-6A/B-HARNESS,1/1/2017,12/31/2017,"17,108"
European Space Agency Paris,AIRBUS DS GEO SA,RUE DES SATELLITES TOULOUSE CEDEX  4 France,COPERNICUS SPACE COMPONENT DATA ACCESS (CSC DA)  DATAWAREHOUSE,1/1/2017,12/31/2017,"7,000,000"
European Space Agency Paris,Airbus DS GmbH Sat,Claude-Dornier-Strasse Immenstaad Germany,Sentinel-1 Satellites C/D Units Construction,1/1/2017,12/31/2017,"294,372"
European Space Agency Paris,Airbus DS GmbH Sat,Claude-Dornier-Strasse Immenstaad Germany,Sentinel-2 Satellites C/D Units construction,1/1/2017,12/31/2017,"53,600"
European Space Agency Paris,Airbus DS GmbH Sat,Claude-Dornier-Strasse Immenstaad Germany,SENTINEL-3 C/D UNITS - SLSTR EGSE,1/1/2017,12/31/2017,"27,357"
European Space Agency Paris,Airbus DS GmbH Sat,Claude-Dornier-Strasse Immenstaad Germany,Sentinel-6B Satellite Instrument Construction,1/1/2017,12/31/2017,"548,556"
European Space Agency Paris,AIRBUS DS LTD EX INFOTERRA LTD  EXASTRIUM LTD,Europa House Southwood FARNBOROUGH UnitedKingdom,Preparations and operations of the off-line Processing and Archiving Centres,1/1/2017,12/31/2017,"2,068,082"
European Space Agency Paris,ALMATECH SA,EPFL INNOVATION PARK BUILDING D LAUSANNESWITZERLAND,SENTINEL-5  IOMSR ACTIVITY,1/1/2017,12/31/2017,"1,251,046"
European Space Agency Paris,ARESYS SRL,VIA FLUMENDOSA Milano Italy,Sentinel-1 Satellites C/D Units Construction,1/1/2017,12/31/2017,"127,790"
European Space Agency Paris,ASTRIUM GMBH - BUSINESS UNIT SERVIC,POSTFACH 80 11 69 MUENCHEN Germany,DATA RELAY SERVICES FOR COPERNICUS SENTINELS,1/1/2017,12/31/2017,"286,279"
European Space Agency Paris,ATOS CONVERGENCE CREATORS GMBH,AUTOKADER STRASSE WIEN Austria,Sentinel-1 Satellites C/D Units Construction,1/1/2017,12/31/2017,"15,400"
European Space Agency Paris,ATOS INTEGRATION,80 quai Voltaire Bezons Cedex France,COPERNICUS DATA AND INFORMATION ACCESS SERVICESOPERATIONS,1/1/2017,12/31/2017,"15,852,471"
European Space Agency Paris,BROCKMANN CONSULT GMBH,MAX-PLANCK-STRASSE 2 Hamburg Germany,Sentinel-3 OLCI Spectral Campaign,1/1/2017,12/31/2017,"45,000"
European Space Agency Paris,CAPGEMINI TECHNOLOGY SERVICES,5-7 RUE FREDERIC CLAVEL 92287 SURESNESCEDEX France,SENTINEL-2 DEMONSTRATION OF CAPABILITIES FOR COASTALWATERS APPLICATIONS,1/1/2017,12/31/2017,"50,000"
European Space Agency Paris,C-CORE CENTRE COLD OCEAN RES,CAPTAIN ROBERT A. BARTLETT BUILD. ST JOHN`SCANADA,SENTINEL 1 TRANSPONDER STORAGE,1/1/2017,12/31/2017,"160,506"
European Space Agency Paris,CELESTIA SATELLITE TEST ANDSIMULATION,HUYGENSSTRAAT Noordwijk The Netherlands,Sentinel-2 Satellites C/D Units construction,1/1/2017,12/31/2017,"260,063"
European Space Agency Paris,CNES CST,Avenue Edouard Belin 18 Toulouse France,Cooperation Agreement for the implementation of Sentinel Missions,1/1/2017,12/31/2017,"1,920,000"
European Space Agency Paris,CNES CST,Avenue Edouard Belin 18 Toulouse France,SENTINEL-2 CNES ROUTINE OPERATIONAL PHASE SUPPORT,1/1/2017,12/31/2017,"1,668,200"
European Space Agency Paris,COM DEV EUROPE,TRIANGLE BUSINESS PARK AYLESBURY UnitedKingdom,Sentinel-1C/D AIS Receiver,1/1/2017,12/31/2017,"3,840,000"
European Space Agency Paris,CREOTECH INSTRUMENTS SA,ul. Gen. L. Okulickiego WARSZAWA Poland,COPERNICUS DATA AND INFORMATION ACCESS SERVICESOPERATIONS,1/1/2017,12/31/2017,"14,020,600"
European Space Agency Paris,CRISA SA COMPUTADORAS REDES EINGENIERIA,C/.TORRES QUEVEDOS/N MADRID Spain,Sentinel 2 Satellites C/D Units construction,1/1/2017,12/31/2017,"67,210"
European Space Agency Paris,CRISA SA COMPUTADORAS REDES EINGENIERIA,C/.TORRES QUEVEDOS/N MADRID Spain,SENTINEL-5  SWIR SS ACTIVITY,1/1/2017,12/31/2017,"48,039"
European Space Agency Paris,CRISA SA COMPUTADORAS REDES EINGENIERIA,C/.TORRES QUEVEDOS/N MADRID Spain,SENTINEL-6A/B-PCDU,1/1/2017,12/31/2017,"24,080"
European Space Agency Paris,CS SYSTEMES D INFORMATION,ZAC DE LA GRANDE PLAINE F-31506 TOULOUSECEDEX 5 France,Research and User Support (RUS) for Sentinel Core Products,1/1/2017,12/31/2017,"9,281,385"
European Space Agency Paris,CS SYSTEMES D INFORMATION,ZAC DE LA GRANDE PLAINE F-31506 TOULOUSECEDEX 5 France,Sentinel-2 Payload Data Ground Segment  (PDGS) system operationsmaintenance and evolutions,1/1/2017,12/31/2017,"614,238"
European Space Agency Paris,DEIMOS SPACE S.L.U,RONDA DE PONIENTE 19 EDIF.2 2A PL. TRESCANTOS/MADRID Spain,Sentinel-2 Payload Data Ground Segment  (PDGS) system operationsmaintenance and evolutions,1/1/2017,12/31/2017,"421,868"
European Space Agency Paris,DLR - GERMAN AEROSPACE CENTER,Linder Höhe COLOGNE Germany,Preparations and operations of the off-line Processing and Archiving Centresfor sentinel satellites,1/1/2017,12/31/2017,"712,319"
European Space Agency Paris,DLR - GERMAN AEROSPACE CENTER,Linder Höhe COLOGNE Germany,Sentinel-5P Payload Data Ground Segment  (PDGS) system operationsmaintenance and evolutions,1/1/2017,12/31/2017,"19,000,000"
European Space Agency Paris,DLR - GERMAN AEROSPACE CENTER,Linder Höhe COLOGNE Germany,SUPPORT FOR SENTINEL-1 CONSTELLATION CALIBRATION,1/1/2017,12/31/2017,"449,941"
European Space Agency Paris,EARSC - EUROPEAN ASSOC REMOTE SENSI,Rue Beranger BRUSSELS Belgium,SHOWCASING THE BENEFITS BROUGHT BY THE USAGE OF SENTINELSDATA TO SOCIETY ENVIRONMENT AND ECONOMY,1/1/2017,12/31/2017,"999,466"
European Space Agency Paris,EJR QUARTZ B.V,3E BINNENVESTGRACHT Leiden The Netherlands,SENTINEL USER HANDBOOK  TECHNICAL EDITORIAL SERVICE,1/1/2017,12/31/2017,"94,484"
European Space Agency Paris,EUROPEAN SPACE IMAGING GMBH,Arnulfstrasse Munich Germany,COPERNICUS SPACE COMPONENT DATA ACCESS (CSC DA)  DATAWAREHOUSE,1/1/2017,12/31/2017,"8,500,000"
European Space Agency Paris,GISAT S.R.O.GEOINFORMATION SERVICE,MILADY HORAKOVE PRAHA 7 Czech Republic,USE OF THE SUITABILITY COVERAGE ENGINE (SUCE) TOOL INSUPPORT TO THE COMPLETION OF THE OPTICAL HIGH-RESOLUTIONCOVERAGE OF EEA-39 (HR_IMAGE_2015),1/1/2017,12/31/2017,"148,536"
European Space Agency Paris,GMV AEROSPACE AND DEFENCE SA,ISAAC NEWTON / PTM MADRID / TRES CANTOS Spain,SENTINEL 1 2 3 PRECISE ORBIT DETERMINATION SERVICE,1/1/2017,12/31/2017,"53,091"
European Space Agency Paris,GMV AEROSPACE AND DEFENCE SA,ISAAC NEWTON / PTM MADRID / TRES CANTOS Spain,SENTINEL-5P OPERATIONAL SIMULATOR MAINTENANCE,1/1/2017,12/31/2017,"249,799"
European Space Agency Paris,GMV Insyen AG,Münchener Straße Weßling Germany,SENTINEL-3 OPERATIONS ENGINEERING SUPPORT,1/1/2017,12/31/2017,"374,435"
European Space Agency Paris,GMV Insyen AG,Münchener Straße Weßling Germany,SENTINEL-5P OPERATIONS ENGINEERING SUPPORT,1/1/2017,12/31/2017,"66,939"
European Space Agency Paris,HISDESAT SERVICIOS ESTRATÉGICOS S.A,Paseo de la Castellana 149 4th floor MADRID Spain,COPERNICUS SPACE COMPONENT DATA ACCESS (CSC DA)  DATAWAREHOUSE,1/1/2017,12/31/2017,"2,000,000"
European Space Agency Paris,IABG MBH,EINSTEINSTRASSE Ottobrunn Germany,SENTINEL-5 ITF ACTIVITY,1/1/2017,12/31/2017,"624,860"
European Space Agency Paris,JENA-OPTRONIK GMBH,Otto-Eppenstein-Strasse JENA Germany,Sentinel 2 Satellites C/D Units construction,1/1/2017,12/31/2017,"48,992"
European Space Agency Paris,KING'S COLLEGE LONDON,WATERLOO ROAD London United Kingdom,TECHNICAL ASSISTANCE TO THE EVALUATION AND VALIDATION OFSENTINEL-3 ACTIVE FIRE DETECTION AND FRP PRODUCTS DURINGTHE FIRE DETECTION EXPERIMENT (FIDEX),1/1/2017,12/31/2017,"298,918"
European Space Agency Paris,KONGSBERG SATELLITE SERVICES AS,PRESTVANNVEIEN TROMSO NORWAY,PREPARATION AND OPERATION OF THE CORE X-BAND ACQUISITIONAND NEAR REAL-TIME FACILITIES AT THE SVALBARD GROUNDSTATION,1/1/2017,12/31/2017,"352,893"
European Space Agency Paris,LATELEC,762 RUE MAX PLANCK LABEGE CEDEX France,Sentinel-5 Instrument Harness (IHAR),1/1/2017,12/31/2017,"508,128"
European Space Agency Paris,Leonardo S.p.a.,Piazza Monte Grappa Rome Italy,SENTINEL-3 C/D UNITS  SLSTR,1/1/2017,12/31/2017,"20,521"
European Space Agency Paris,Leonardo S.p.a.,Piazza Monte Grappa Rome Italy,SENTINEL-5  SWIR SS ACTIVITY,1/1/2017,12/31/2017,"41,740"
European Space Agency Paris,LSE Space GMBH,ARGELSRIEDERFELD WESSLING Germany,SENTINEL-1 OPERATIONS ENGINEERING SUPPORT,1/1/2017,12/31/2017,"197,148"
European Space Agency Paris,LSE Space GMBH,ARGELSRIEDERFELD WESSLING Germany,SENTINEL-2 OPERATIONS ENGINEERING SUPPORT,1/1/2017,12/31/2017,"567,501"
European Space Agency Paris,LSE Space GMBH,ARGELSRIEDERFELD WESSLING Germany,SENTINEL-3 OPERATIONS ENGINEERING SUPPORT,1/1/2017,12/31/2017,"1,778,293"
European Space Agency Paris,LSE Space GMBH,ARGELSRIEDERFELD WESSLING Germany,SENTINEL-5P OPERATIONS ENGINEERING SUPPORT,1/1/2017,12/31/2017,"30,982"
European Space Agency Paris,NERC - PLYMOUTH MARINE LAB.,PROSPECT PLACE WEST HOE GB-PLYMOUTH PL13DH United Kingdom,SENTINEL-3 ATLANTIC MERIDIONAL TRANSECT (AMT) FIDUCIALREFERENCE MEASUREMENTS (FRM) CAMPAIGN (AMT4SENTINELFRM) -PHASE 1,1/1/2017,12/31/2017,"148,471"
European Space Agency Paris,NEREUS,Rond-Point Schuman 14 BRUXELLES Belgium,ESA/EC PUBLICATION,1/1/2017,12/31/2017,"213,654"
European Space Agency Paris,RAKON FRANCE SAS,44 av. de la Glacière ARGENTEUIL France,SENTINEL-3 ULTRA STABLE OSCILLATOR INTEGRATION,1/1/2017,12/31/2017,"64,481"
European Space Agency Paris,RHEA SYSTEM S.A.,AVENUE PASTEUR WAVRE Belgium,PAYLOAD DATA GROUND SEGMENT (PDGS) - ENGINEERING ANDMANAGEMENT SUPPORT SERVICES,1/1/2017,12/31/2017,"6,369,495"
European Space Agency Paris,RUAG SCHWEIZ AG RUAG SPACE,Seetalstrasse EMMEN SWITZERLAND,Sentinel 2 Satellites C/D Units construction,1/1/2017,12/31/2017,"58,900"
European Space Agency Paris,SERCO Italia SpA,VIA SCIADONNA I-00044 FRASCATI Italy,COPERNICUS DATA AND INFORMATION ACCESS SERVICESOPERATIONS,1/1/2017,12/31/2017,"15,121,185"
European Space Agency Paris,SERCO Italia SpA,VIA SCIADONNA I-00044 FRASCATI Italy,SENTINELS ROLLING ARCHIVE PRODUCTS USER ACCESSOPERATIONS MAINTENANCE AND EVOLUTIONS,1/1/2017,12/31/2017,"4,391,069"
European Space Agency Paris,SOLENIX DEUTSCHLAND GMBH,Rober-Bosch-Strasse DARMSTADT Germany,MAINTENANCE AND EVOLUTION OF THE COPERNICUS APPS FORMOBILE DEVICES,1/1/2017,12/31/2017,"500,000"
European Space Agency Paris,Sorbonne Université SU,4 PLACE JUSSIEU PARIS CEDEX France,Sentinel 2 & 3 Fiducial References: Measurement for Ocean Colour: Boussole,1/1/2017,12/31/2017,"500,000"
European Space Agency Paris,SPACE GEOMATICA P.C.,Ksanthoudidou CHANIA Greece,SENTINEL-3 RADAR ALTIMETER CALIBRATION - OPERATIONALSUPPORT,1/1/2017,12/31/2017,"899,994"
European Space Agency Paris,STFC RUTHERFORD APPLETONLABORATORY,HARWELL CAMPUS Didcot United Kingdom,Sentinel-3 SLSTR In-flight Performance Analysis,1/1/2017,12/31/2017,"385,190"
European Space Agency Paris,Teledyne e2v (UK) Limited,106 WATERHOUSE LANE CHELMSFORD UnitedKingdom,SENTINEL-5  UVN CCD ACTIVITY,1/1/2017,12/31/2017,"17,842"
European Space Agency Paris,TELESPAZIO S.P.A.,VIA TIBURTINA I 00156 ROMA Italy,Evolutions Operations and Maintenance of Copernicus Space ComponentData Access System (CSCDA),1/1/2017,12/31/2017,"437,193"
European Space Agency Paris,TELESPAZIO VEGA DEUTSCHLAND GMBH,Europaplatz DARMSTADT Germany,SENTINEL-1 OPERATIONS ENGINEERING SUPPORT,1/1/2017,12/31/2017,"60,631"
European Space Agency Paris,TELESPAZIO VEGA DEUTSCHLAND GMBH,Europaplatz DARMSTADT Germany,SENTINEL-2 OPERATIONS ENGINEERING SUPPORT,1/1/2017,12/31/2017,"81,336"
European Space Agency Paris,TELESPAZIO VEGA DEUTSCHLAND GMBH,Europaplatz DARMSTADT Germany,SENTINEL-5P OPERATIONS ENGINEERING SUPPORT,1/1/2017,12/31/2017,"261,511"
European Space Agency Paris,TESAT-SPACECOM GMBH & CO.KG,Gerberstrasse BACKNANG Germany,OPTICAL COMMUNICATION PAYLOADS IN-ORBIT MAINTENANCESUPPORT,1/1/2017,12/31/2017,"449,840"
European Space Agency Paris,THALES ALENIA SPACE ESPANA,C / EINSTEIN 7 (PTM) E-28760 TRES CANTOS -MADRID Spain,SENTINEL-5  DSE ACTIVITY,1/1/2017,12/31/2017,"220,000"
European Space Agency Paris,THALES ALENIA SPACE ESPANA,C / EINSTEIN 7 (PTM) E-28760 TRES CANTOS -MADRID Spain,SENTINEL-6A/B-SBT,1/1/2017,12/31/2017,"25,809"
European Space Agency Paris,THALES ALENIA SPACE FRANCE,AVENUE JEAN-FRANCOIS CHAMPOLLION ToulouseFrance,Sentinel-2 Payload Data Ground Segment  (PDGS) system operationsmaintenance and evolutions,1/1/2017,12/31/2017,"3,900,161"
European Space Agency Paris,THALES ALENIA SPACE FRANCE,AVENUE JEAN-FRANCOIS CHAMPOLLION ToulouseFrance,Sentinel-3 A/B Mission Analysis,1/1/2017,12/31/2017,"48,297"
European Space Agency Paris,THALES ALENIA SPACE FRANCE,AVENUE JEAN-FRANCOIS CHAMPOLLION ToulouseFrance,Sentinel-3 Satellite C/D Units Construction,1/1/2017,12/31/2017,"375,000"
European Space Agency Paris,THALES ALENIA SPACE ITALIA SPA,VIA SACCOMURO Rome Italy,SENTINEL-3 C/D UNITS - PLATFORM AND SYSTEM ACTIVITIES,1/1/2017,12/31/2017,"100,000"
European Space Agency Paris,Thales Alenia Space Schweiz AG,Schaffhauserstrasse Zürich SWITZERLAND,SENTINEL-6A/B-REM,1/1/2017,12/31/2017,"479,612"
European Space Agency Paris,THALES SERVICES S.A.S,AVENUE DU GENERAL EISENHOWER BP 1228TOULOUSE France,Sentinel-2 Payload Data Ground Segment  (PDGS) system operationsmaintenance and evolutions,1/1/2017,12/31/2017,"2,247,709"
European Space Agency Paris,TNO INDUSTRIAL RESEARCH,Anna van Buerenplein The Hague The Netherlands,SENTINEL-5 TSBOA ACTIVITY,1/1/2017,12/31/2017,"206,589"
European Space Agency Paris,T-Systems International GmbH,HAHNSTRASSE FRANKFURT MAIN Germany,DATA CIRCULATION  DISSEMINATION NETWORK AND SECURITY FORSENTINEL 2,1/1/2017,12/31/2017,"65,327"
European Space Agency Paris,T-Systems International GmbH,HAHNSTRASSE FRANKFURT MAIN Germany,DATA CIRCULATION  DISSEMINATION NETWORK AND SECURITY FORSENTINEL 3,1/1/2017,12/31/2017,"43,643"
European Space Agency Paris,T-Systems International GmbH,HAHNSTRASSE FRANKFURT MAIN Germany,DATA CIRCULATION  DISSEMINATION NETWORK AND SECURITY FORSENTINELS,1/1/2017,12/31/2017,"1,564,662"
European Space Agency Paris,ARIANESPACE S. A.,BOULEVARD DE L'EUROPEBP 17791006 EVRY-COURCOURONNESCEDEX FRANCE,PROVISION OF THE LAUNCH SERVICES FOR THE SENTINEL-2 PAYLOAD,1/1/2014,12/31/2014,"6,825,700.00"
European Space Agency Paris,EUROCKOT LAUNCH SERVICES GMBH,EUROCKOT LAUNCH SERVICES GMBHFlughafenallee 26 28199 BREMENGERMANY,PROVISION OF THE  LAUNCH SERVICES FOR THE SENTINEL-5P PAYLOAD,1/1/2014,12/31/2014,"26,900,000.00"
European Space Agency Paris,e-GEOS SPA,VIA TIBURTINA 965 I-00156 ROMAITALY,PREPARATION AND OPERATION OF THE CORE X-BAND ACQUISITIONAND NEAR REAL-TIME FACILITIES FOR THE COPERNICUS SENTINELSATELLITES: MATERA GROUND STATION,1/1/2014,12/31/2014,"13,378,925.00"
European Space Agency Paris,KONGSBERG SATELLITE SERVICES AS(KSAT),PRESTVANNVEIEN 38 9291 TROMSONORWAY,PREPARATION AND OPERATION OF THE CORE X-BAND ACQUISITIONAND NEAR REAL-TIME FACILITIES FOR THE COPERNICUS SENTINELSATELLITES: SVALBARD GROUND STATION,1/1/2014,12/31/2014,"43,662,184.00"
European Space Agency Paris,Collecte Localisation Satellites (CLS),8 RUE HERMES 31526 RAMONVILLEST AGNE FRANCE,MISSION PERFORMANCE CENTERS (MPC) FOR SENTINEL 1A/B.  MPCsare responsible for calibration validation quality control and end-to-endsystem performance assessment. The MPCs include expert teams forspecific cal/val off-line quality control and algorithm correctionactivities.,1/1/2014,12/31/2014,"6,473,009.00"
European Space Agency Paris,T-SYSTEMS INTERNATIONAL GMBH,HAHNSTRASSE 43 D D 60528FRANKFURT MAIN GERMANY,DATA CIRCULATION & DISSEMINATION FOR THE WIDE AREA NETWORK(WAN) AND SECURITY SERVICES FOR THE COPERNICUS SENTINELSSATELLITES,1/1/2014,12/31/2014,"16,072,707.21"
European Space Agency Paris,ABSL SPACE PRODUCTS,F4 CULHAM SCIENCE CENTRE ABINGDON GREAT BRITAIN,SENTINEL-6A/B-BATTERY,1/1/2016,12/31/2016,"512,500.00"
European Space Agency Paris,ACRI-ST S.A.S.,260 ROUTE DU PIN MONTARD SOPHIA ANTIPOLIS CEDEX FRANCE,MISSION PERFORMANCE CENTERS (MPC) FOR SENTINELS.  MPCs are responsible for calibration validation qualitycontrol and end-to-end system performance assessment. The MPCs include expert teams for specific cal/val off-linequality control and algorithm correction activities.,1/1/2016,12/31/2016,"2,000,000.00"
European Space Agency Paris,Advanced Computer Systems A.C.S. S.r.l.,Via della Bufalotta 378 ROMA ITALY,SENTINEL-3 GEOMETRIC CALIBRATION TOOL FOR IN ORBIT PERFORMANCES VERIFICATION,1/1/2016,12/31/2016,"69,437.00"
European Space Agency Paris,AIM INFRAROT-MODULE GMBH,THERESIENSTRASSE 2 74072 HEILBRONN GERMANY,SENTINEL-3 C/D UNITS - OME IR DETECTOR,1/1/2016,12/31/2016,"70,000.00"
European Space Agency Paris,AIRBUS DEFENCE & SPACE NETHERLANDS,MENDELWEG 30 LEIDEN NETHERLANDS,SENTINEL-5 PHASE B2 C/D E1. SD: ADS-NL. 1.00.3: DATA PROCESSING ENGINEERING.,1/1/2016,12/31/2016,"1,095,731.00"
European Space Agency Paris,AIRBUS DEFENCE AND SPACE LIMITED,GUNNELS WOOD ROAD STEVENAGE GREAT BRITAIN,SENTINEL-6A/B-MPPS,1/1/2016,12/31/2016,"2,587,500.00"
European Space Agency Paris,AIRBUS DEFENCE AND SPACE SAS,Route de Verneuil 51-61 Les Mureaux FRANCE,SENTINEL-2 C/D UNITS  - MSI  SYSTEM SUPPORT,1/1/2016,12/31/2016,"331,250.00"
European Space Agency Paris,AIRBUS DEFENCE AND SPACE SAS,Route de Verneuil 51-61 Les Mureaux FRANCE,SENTINEL-5 PHASE B2 C/D E1. SD: ADS-F. 1.00.2: FOCAL PLANE SUBSYSTEM (FPS).,1/1/2016,12/31/2016,"4,937,955.00"
European Space Agency Paris,AIRBUS DEFENCE AND SPACE SAS,Route de Verneuil 51-61 Les Mureaux FRANCE,SENTINEL-6A/B-RMU,1/1/2016,12/31/2016,"846,300.00"
European Space Agency Paris,AIRBUS DEFENCE AND SPACE S.A.U,AVENIDA DE ARAGÓN 404  MADRID SPAIN,SENTINEL-3 C/D UNITS - MWR,1/1/2016,12/31/2016,"25,000.00"
European Space Agency Paris,AIRBUS DEFENCE AND SPACE S.A.U,AVENIDA DE ARAGÓN 404  MADRID SPAIN,SENTINEL-6A/B-HARNESS,1/1/2016,12/31/2016,"950,008.00"
European Space Agency Paris,AIRBUS DEFENCE AND SPACE S.A.U,AVENIDA DE ARAGÓN 404  MADRID SPAIN,SENTINEL-6A/B-STR,1/1/2016,12/31/2016,"1,621,815.00"
European Space Agency Paris,Airbus DS GmbH Sat,Claude-Dornier-Strasse Immenstaad GERMANY,Sentinel-1 Satellites C/D Units Construction,1/1/2016,12/31/2016,"116,666.00"
European Space Agency Paris,Airbus DS GmbH Sat,Claude-Dornier-Strasse Immenstaad GERMANY,SENTINEL-2 IN-ORBIT OPERATIONS  MAINTENANCE SUPPORT,1/1/2016,12/31/2016,"8,977,722.00"
European Space Agency Paris,Airbus DS GmbH Sat,Claude-Dornier-Strasse Immenstaad GERMANY,Sentinel-2 Satellites C/D Units construction,1/1/2016,12/31/2016,"1,075,596.00"
European Space Agency Paris,Airbus DS GmbH Sat,Claude-Dornier-Strasse Immenstaad GERMANY,Sentinel-2A Phase E Activities,1/1/2016,12/31/2016,"333,000.00"
European Space Agency Paris,Airbus DS GmbH Sat,Claude-Dornier-Strasse Immenstaad GERMANY,Sentinel-5 Satellite Instrument Construction,1/1/2016,12/31/2016,"43,313,225.00"
European Space Agency Paris,Airbus DS GmbH Sat,Claude-Dornier-Strasse Immenstaad GERMANY,Sentinel-6B Satellite Instrument Construction,1/1/2016,12/31/2016,"63,597,986.00"
European Space Agency Paris,AIRBUS DS LTD EX INFOTERRA LTD,Europa House Southwood FARNBOROUGH GREAT BRITAIN,Sentinel-2 Preparations and operations of the off-line Processing and Archiving Centres,1/1/2016,12/31/2016,"54,739.06"
European Space Agency Paris,AKKA TECHNOLOGIES,9-11 rue Montalivet Paris FRANCE,SENTINEL-6A/B-DORIS DIODE,1/1/2016,12/31/2016,"45,240.00"
European Space Agency Paris,ALMATECH SA,PARC SCIENTIFIQUE EPFL LAUSANNE SWITZERLAND,SENTINEL-5  IOMSR ACTIVITY,1/1/2016,12/31/2016,"1,124,940.00"
European Space Agency Paris,APCO TECHNOLOGIES SA,Chemin de Champex 10 Aigle SWITZERLAND,SENTINEL-6A/B-MGSE.,1/1/2016,12/31/2016,"269,389.00"
European Space Agency Paris,ARIANESPACE,BOULEVARD DE L'EUROPEBP 177 EVRY-COURCOURONNES CEDEX FRANCE,SENTINEL-2B LAUNCHER PROCUREMENT,1/1/2016,12/31/2016,"21,766,000.00"
European Space Agency Paris,AURORA TECHNOLOGY BV,HEERE WEG 345 LISSE NETHERLANDS,MANPOWER SUPPORT SERVICE - SENTINEL-3,1/1/2016,12/31/2016,"93,350.00"
European Space Agency Paris,BELG INST SPACE AERONOMY,RINGLAAN 3 BRUSSELS BELGIUM,SUPPORT TO THE CABAUW INTERCOMPARISON CAMPAIGN FOR NITROGEN DIOXIDE MEASURING INSTRUMENTS2016 (CINDI-2),1/1/2016,12/31/2016,"250,000.00"
European Space Agency Paris,BLU ELECTRONIC SRL,VIA SANDRO PERTINI 8 I-22044 IVERIGO ITALY,Sentinel-1 Satellites C/D Units Construction,1/1/2016,12/31/2016,"20,000.00"
European Space Agency Paris,BROCKMANN CONSULT GMBH,MAX-PLANCK-STRASSE 2 HAMBURG GERMANY,SENTINEL-2 ATMOSPHERIC CORRECTION ALGORITHM SETUP AND VALIDATION,1/1/2016,12/31/2016,"250,000.00"
European Space Agency Paris,CAPGEMINI TECHNOLOGY SERVICES,5-7 RUE FREDERIC CLAVEL SURESNES CEDEX FRANCE,DEMONSTRATION OF SENTINEL-2 CAPABILITIES FOR COASTAL WATERS APPLICATIONS,1/1/2016,12/31/2016,"50,000.00"
European Space Agency Paris,C-CORE CENTRE COLD OCEAN RES.,CAPTAIN ROBERT A. BARTLETT BUILD. ST JOHN`S CANADA,Sentinel-1B: TRANSPONDER MAINTENANCE TO S1B COMMISSIONING,1/1/2016,12/31/2016,"90,000.00"
European Space Agency Paris,CELESTIA SATELLITES TEST AND SIMULA,HUYGENSSTRAAT 44 2201 CK NOOFCSIJK NETHERLANDS,SENTINEL-6A/B-EGSE TMTC FE,1/1/2016,12/31/2016,"49,638.00"
European Space Agency Paris,CLS COLLECTE LOCALISATION SATELLITES,PARC TECHNOLOGIQUE DU CANAL RUE HERMES 11 RAMONVILLE SAINT-AGNEFRANCE,SENTINEL-3 C/D UNITS - SYNTHETIC APERTURE RADAR (SAR) LEVEL 1B STUDY,1/1/2016,12/31/2016,"399,842.00"
European Space Agency Paris,CNES CST,Avenue Edouard Belin 18 TOULOUSE FRANCE,SENTINEL-2 LEVEL 2 A ALGORITHM SELECTION,1/1/2016,12/31/2016,"1,943,793.00"
European Space Agency Paris,CNES CST,Avenue Edouard Belin 18 TOULOUSE FRANCE,SENTINEL-3 ROUTINE OPERATIONAL PHASE SUPPORT (S-3 CROPS),1/1/2016,12/31/2016,"1,534,760.00"
European Space Agency Paris,CRISA SACOMPUTADORAS REDES E INGENIERIA,C/.TORRES QUEVEDOS/N 9 MADRID SPAIN,SENTINEL-5  ICS ACTIVITY,1/1/2016,12/31/2016,"5,225,620.00"
European Space Agency Paris,CRISA SACOMPUTADORAS REDES E INGENIERIA,C/.TORRES QUEVEDOS/N 9 MADRID SPAIN,SENTINEL-5  UVN FEE ACTIVITY,1/1/2016,12/31/2016,"1,971,284.00"
European Space Agency Paris,CRISA SACOMPUTADORAS REDES E INGENIERIA,C/.TORRES QUEVEDOS/N 9 MADRID SPAIN,SENTINEL-6A/B-PCDU,1/1/2016,12/31/2016,"1,627,133.00"
European Space Agency Paris,CS SYSTEMES D INFORMATION,ZAC DE LA GRANDE PLAINE F-31506 TOULOUSE CEDEX 5 FRANCE,PREPARATION AND OPERATIONS OF THE MISSION PERFORMANCE CENTRE (MPC) FOR SENTINEL-2 MISSION,1/1/2016,12/31/2016,"1,250,000.00"
European Space Agency Paris,DA-DESIGN OY,KESKUSKATU 29 JOKIOINEN FINLAND,Sentinel-1 Satellites C/D Units Construction,1/1/2016,12/31/2016,"200,000.00"
European Space Agency Paris,DLR - GERMAN AEROSPACE CENTER,Linder Höhe Cologne GERMANY,Sentinel-3 Preparations and operations of the off-line Processing and Archiving Centres,1/1/2016,12/31/2016,"109,257.18"
European Space Agency Paris,DTM SRL,VIA TACITO 65 MODENA ITALY,SENTINEL-5 MGSE ACTIVITY,1/1/2016,12/31/2016,"396,462.00"
European Space Agency Paris,E2V TECHNOLOGIES LIMITED,106 WATERHOUSE LANE CHELMSFORD GREAT BRITAIN,SENTINEL-5  UVN CCD ACTIVITY,1/1/2016,12/31/2016,"1,800,000.00"
European Space Agency Paris,E-GEOS,VIA TIBURTINA 965 I-00156 ROMA ITALY,HYPERSPECTRAL IMAGING MISSION CONCEPTS,1/1/2016,12/31/2016,"399,000.00"
European Space Agency Paris,EJR QUARTZ B.V,3E BINNENVESTGRACHT 23-A LEIDEN NETHERLANDS,SENTINEL USER HANDBOOK  TECHNICAL EDITORIAL SERVICE,1/1/2016,12/31/2016,"62,430.00"
European Space Agency Paris,EOX IT SERVICES GMBH,THURNGASSE 8/4 VIENNA AUSTRIA,PROVISION OF BACKGROUND AND OVERLAY MAPS,1/1/2016,12/31/2016,"58,060.00"
European Space Agency Paris,EXELIS VISUAL INFOR,CENTRO COLLEONI PALAZZO PEGASO 3 AGRATE BRIANZA MI ITALY,SENTINEL-3 MISSION-SOFT PRODUCTS & SERVICES SUPPORT,1/1/2016,12/31/2016,"23,235.00"
European Space Agency Paris,GAF AG,ARNULFSTRASSE 199 MUENCHEN GERMANY,SENTINEL-2 ATMOSPHERIC CORRECTION ALGORITHM ASSESSMENT,1/1/2016,12/31/2016,"25,000.00"
European Space Agency Paris,GMV GMBH,Europaplatz  2 Darmstadt GERMANY,SENTINEL-5P OPERATIONS ENGINEERING SUPPORT,1/1/2016,12/31/2016,"75,122.01"
European Space Agency Paris,HELMHOLTZ-ZENTRUM POTSDAM - DEUTSCH,TELEGRAFENBERG A17 POTSDAM GERMANY,SENTINEL-2 ATMOSPHERIC CORRECTION ALGORITHM SETUP AND VALIDATION,1/1/2016,12/31/2016,"250,000.00"
European Space Agency Paris,JENA-OPTRONIK GMBH,Otto-Eppenstein-Strasse 3 JENA GERMANY,SENTINEL-2 C/D UNITS - STAR TRACKER,1/1/2016,12/31/2016,"178,497.00"
European Space Agency Paris,JENA-OPTRONIK GMBH,Otto-Eppenstein-Strasse 3 JENA GERMANY,SENTINEL-5  NIR SO ACTIVITY,1/1/2016,12/31/2016,"2,426,851.00"
European Space Agency Paris,JENA-OPTRONIK GMBH,Otto-Eppenstein-Strasse 3 JENA GERMANY,SENTINEL-6A/B-STAR TRACKER,1/1/2016,12/31/2016,"701,691.00"
European Space Agency Paris,KONGSBERG SATELLITE SERVICES AS,PRESTVANNVEIEN 38 TROMSO NORWAY,SENTINEL-5P X-BAND SERVICE FOR ROUTINE OPERATIONS,1/1/2016,12/31/2016,"23,902,814.00"
European Space Agency Paris,KONGSBERG SPACETEC AS,PRESTVANNVEIEN 38 TROMSO NORWAY,DEMODULATION AND FRONT END PROCESSING (DFEP) FOR SENTINEL SATELLITES,1/1/2016,12/31/2016,"450,000.00"
European Space Agency Paris,LATELEC,RUE MAX PLANCK LABEGE CEDEX FRANCE,Sentinel-1 Satellites C/D Units Construction,1/1/2016,12/31/2016,"1,700,000.00"
European Space Agency Paris,Leonardo S.p.a.,Piazza Monte Grappa 4 ROME ITALY,SENTINEL-3 C/D UNITS  SLSTR,1/1/2016,12/31/2016,"57,027.00"
European Space Agency Paris,Leonardo S.p.a.,Piazza Monte Grappa 4 ROME ITALY,SENTINEL-5  SWIR SS ACTIVITY,1/1/2016,12/31/2016,"7,104,172.00"
European Space Agency Paris,Leonardo S.p.a.,Piazza Monte Grappa 4 ROME ITALY,SENTINEL-6A/B-SAW,1/1/2016,12/31/2016,"1,957,680.00"
European Space Agency Paris,LSE Space GMBH,MUENCHNERSTRASSE 20 WESSLING GERMANY,SENTINEL-1 OPERATIONS ENGINEERING SUPPORT,1/1/2016,12/31/2016,"328,657.04"
European Space Agency Paris,LSE Space GMBH,MUENCHNERSTRASSE 20 WESSLING GERMANY,SENTINEL-2 OPERATIONS ENGINEERING SUPPORT,1/1/2016,12/31/2016,"614,674.20"
European Space Agency Paris,LSE Space GMBH,MUENCHNERSTRASSE 20 WESSLING GERMANY,SENTINEL-5P OPERATIONS ENGINEERING SUPPORT,1/1/2016,12/31/2016,"507,491.77"
European Space Agency Paris,MICOS ENGINEERING GMBH,Sackmatl 109 Wauwil SWITZERLAND,SENTINEL-5  CAS ACTIVITY,1/1/2016,12/31/2016,"2,044,672.00"
European Space Agency Paris,NERC - PLYMOUTH MARINE LAB.,PROSPECT PLACE WEST HOE GB-PLYMOUTH PL1 3DH GREAT BRITAIN,SENTINEL-3 ATLANTIC MERIDIONAL TRANSECT (AMT) FIDUCIAL REFERENCE MEASUREMENTS (FRM) CAMPAIGN(AMT4SENTINELFRM) - PHASE 1,1/1/2016,12/31/2016,"299,999.00"
European Space Agency Paris,NOVELTIS SAS,153 rue du Lac Labège FRANCE,SENTINEL-3 C/D UNITS - OPEN LOOP TRACKING COMMANDS (OLTC),1/1/2016,12/31/2016,"150,000.00"
European Space Agency Paris,OHB SYSTEM AG,Universitaetsallee 27-29 BREMEN GERMANY,HYPERSPECTRAL IMAGING MISSION CONCEPTS,1/1/2016,12/31/2016,"400,000.00"
European Space Agency Paris,RAKON FRANCE SAS,44 av. de la Glacière Argenteuil FRANCE,SENTINEL-3 ULTRA STABLE OSCILLATOR INTEGRATION,1/1/2016,12/31/2016,"745,000.00"
European Space Agency Paris,RHEA SYSTEM B.V.,Jonckerweg 18 Noordwijk NETHERLANDS,SENTINEL-1 - MANPOWER SUPPORT SERVICE,1/1/2016,12/31/2016,"32,496.00"
European Space Agency Paris,RHEA SYSTEM S.A.,AVENUE PASTEUR 23 WAVRE BELGIUM,PAYLOAD DATA GROUND SEGMENT (PDGS) - ENGINEERING AND MANAGEMENT SUPPORT SERVICES,1/1/2016,12/31/2016,"813,624.22"
European Space Agency Paris,ROCKWELL COLLINS DEUTSCHLAND GMBH,GRENZHOEFERWEG 36 HEIDELBERG GERMANY,SENTINEL-6A/B-REACTION WHEELS,1/1/2016,12/31/2016,"836,400.00"
European Space Agency Paris,RUAG SPACE AB,Solhusgatan (Delsjömotet) 11 S-40515 GOETEBORG SWEDEN,Sentinel-1 Satellites C/D Units Construction,1/1/2016,12/31/2016,"423,000.00"
European Space Agency Paris,RUAG SPACE AB,Solhusgatan (Delsjömotet) 11 S-40515 GOETEBORG SWEDEN,SENTINEL-6A/B-(SE)-SBA,1/1/2016,12/31/2016,"75,000.00"
European Space Agency Paris,RUAG SPACE AB,Solhusgatan (Delsjömotet) 11 S-40515 GOETEBORG SWEDEN,SENTINEL-6A/B-OBC,1/1/2016,12/31/2016,"1,508,800.00"
European Space Agency Paris,RUAG SPACE AB,Solhusgatan (Delsjömotet) 11 S-40515 GOETEBORG SWEDEN,SENTINEL-6A/B-PODRIX RECEIVER,1/1/2016,12/31/2016,"135,000.00"
European Space Agency Paris,RUAG SPACE AB,Solhusgatan (Delsjömotet) 11 S-40515 GOETEBORG SWEDEN,SENTINEL-6A/B-XBA,1/1/2016,12/31/2016,"80,000.00"
European Space Agency Paris,RUAG SPACE FINLAND OY AB,Naulakatu 3 Tampere FINLAND,SENTINEL-6A/B-RIU,1/1/2016,12/31/2016,"1,445,379.00"
European Space Agency Paris,RUAG SPACE GMBH,STACHEGASSE 16 WIEN AUSTRIA,SENTINEL-5  IOMT ACTIVITY,1/1/2016,12/31/2016,"755,177.00"
European Space Agency Paris,RUAG SPACE GMBH,STACHEGASSE 16 WIEN AUSTRIA,SENTINEL-6A/B-PODRIX RECEIVER,1/1/2016,12/31/2016,"558,250.00"
European Space Agency Paris,RUAG SPACE GMBH,STACHEGASSE 16 WIEN AUSTRIA,SENTINEL-6A/B-THERMAL PASSIVE,1/1/2016,12/31/2016,"362,936.00"
European Space Agency Paris,SERCO SPA,VIA SCIADONNA 24/26 I-00044 FRASCATI ITALY,SENTINELS ROLLING ARCHIVE PRODUCTS USER ACCESS OPERATIONS MAINTENANCE AND EVOLUTIONS,1/1/2016,12/31/2016,"12,500,000.00"
European Space Agency Paris,SIEMENS CONVERGENCE CREATORS GMBH,AUTOKADER STRASSE 29 WIEN AUSTRIA,Sentinel-1 Satellites C/D Units Construction,1/1/2016,12/31/2016,"445,000.00"
European Space Agency Paris,SIEMENS CONVERGENCE CREATORS GMBH,AUTOKADER STRASSE 29 WIEN AUSTRIA,SENTINEL-5 EGSE ACTIVITY,1/1/2016,12/31/2016,"229,845.00"
European Space Agency Paris,SIEMENS CONVERGENCE CREATORS GMBH,AUTOKADER STRASSE 29 WIEN AUSTRIA,SENTINEL-6A/B-EGSE POWER SCOE,1/1/2016,12/31/2016,"464,685.00"
European Space Agency Paris,SIEMENS CONVERGENCE CREATORS SRL,Mihail Kogalniceanu Blvd. 21 bl. C Brasov ROMANIA,SENTINEL-6A/B-EGSE S-BAND SCOE,1/1/2016,12/31/2016,"100,000.00"
European Space Agency Paris,SODERN,AV DESCARTES 20 BP 23 F-94451 LIMEIL-BREVANNES FRANCE,SENTINEL-5  UV2VIS ACTIVITY,1/1/2016,12/31/2016,"5,170,000.00"
European Space Agency Paris,SOFRADIR,RUE C.PELLETAN 43-47 CHATENAY MALABRY FRANCE,SENTINEL-5  SWIR DETECTOR ACTIVITY,1/1/2016,12/31/2016,"3,080,048.00"
European Space Agency Paris,SPACE SYSTEMS FINLAND LTD,Kappelitie  6 B ESPOO FINLAND,SENTINEL-5  L1BPP ACTIVITY,1/1/2016,12/31/2016,"57,579.00"
European Space Agency Paris,SPACETECH GMBH,SEELBACHSTRASSE 13 IMMENSTAAD GERMANY,SENTINEL-6A/B-CESS,1/1/2016,12/31/2016,"266,660.00"
European Space Agency Paris,SPACETECH GMBH,SEELBACHSTRASSE 13 IMMENSTAAD GERMANY,SENTINEL-6A/B-SAW,1/1/2016,12/31/2016,"1,834,730.00"
European Space Agency Paris,STFC RUTHERFORD APPLETON LABORATORY,HARWELL CAMPUS DIDCOT GREAT BRITAIN,SENTINEL-5  CTF ACTIVITY,1/1/2016,12/31/2016,"4,004,015.00"
European Space Agency Paris,SYDERAL SA,NEUENBURGSTR. 7 CH-2076 GALS/BE SWITZERLAND,Sentinel-1 Satellites C/D Units Construction,1/1/2016,12/31/2016,"69,040.00"
European Space Agency Paris,Telespazio VEGA Deutschland GmbH,EUROPAPLATZ 5 DARMSTADT GERMANY,SENTINEL-1 OPERATIONS ENGINEERING SUPPORT,1/1/2016,12/31/2016,"325,408.50"
European Space Agency Paris,Telespazio VEGA Deutschland GmbH,EUROPAPLATZ 5 DARMSTADT GERMANY,SENTINEL-2 OPERATIONS ENGINEERING SUPPORT,1/1/2016,12/31/2016,"325,408.50"
European Space Agency Paris,TESAT-SPACECOM GMBH & CO.KG,Gerberstraße 49 BACKNANG GERMANY,SENTINEL-6A/B-XBDA,1/1/2016,12/31/2016,"1,650,765.00"
European Space Agency Paris,THALES ALENIA SPACE ESPANA,C / EINSTEIN 7 (PTM) E-28760 TRES CANTOS -  MADRID SPAIN,Sentinel-1 Satellites C/D Units Construction,1/1/2016,12/31/2016,"1,850,000.00"
European Space Agency Paris,THALES ALENIA SPACE ESPANA,C / EINSTEIN 7 (PTM) E-28760 TRES CANTOS -  MADRID SPAIN,SENTINEL-5  DSE ACTIVITY,1/1/2016,12/31/2016,"1,733,000.00"
European Space Agency Paris,THALES ALENIA SPACE ESPANA,C / EINSTEIN 7 (PTM) E-28760 TRES CANTOS -  MADRID SPAIN,SENTINEL-6A/B-SBT,1/1/2016,12/31/2016,"796,000.00"
European Space Agency Paris,THALES ALENIA SPACE FRANCE,26 AVENUE JEAN-FRANCOIS CHAMPOLLION TOULOUSE FRANCE,Sentinel-2 Payload Data Ground Segment  (PDGS) system operations maintenance and evolutions,1/1/2016,12/31/2016,"3,063,243.00"
European Space Agency Paris,THALES ALENIA SPACE FRANCE,26 AVENUE JEAN-FRANCOIS CHAMPOLLION TOULOUSE FRANCE,SENTINEL-3 IN-ORBIT OPERATIONS  MAINTENANCE SUPPORT,1/1/2016,12/31/2016,"16,647,213.00"
European Space Agency Paris,THALES ALENIA SPACE FRANCE,26 AVENUE JEAN-FRANCOIS CHAMPOLLION TOULOUSE FRANCE,Sentinel-3 Satellite C/D Units Construction,1/1/2016,12/31/2016,"1,375,000.00"
European Space Agency Paris,THALES ALENIA SPACE ITALIA SPA,VIA SACCOMURO 24 I 00131 ROME ITALY,SENTINEL-1 - IN-ORBIT OPERATIONS  MAINTENANCE SUPPORT,1/1/2016,12/31/2016,"10,382,524.00"
European Space Agency Paris,THALES ALENIA SPACE ITALIA SPA,VIA SACCOMURO 24 I 00131 ROME ITALY,Sentinel-1 Satellites C/D Units Construction,1/1/2016,12/31/2016,"3,675,000.00"
European Space Agency Paris,THALES ALENIA SPACE ITALIA SPA,VIA SACCOMURO 24 I 00131 ROME ITALY,Sentinel-1B Phase E,1/1/2016,12/31/2016,"522,801.00"
European Space Agency Paris,THALES ALENIA SPACE ITALIA SPA,VIA SACCOMURO 24 I 00131 ROME ITALY,SENTINEL-3 C/D UNITS - PLATFORM AND SYSTEM ACTIVITIES,1/1/2016,12/31/2016,"50,000.00"
European Space Agency Paris,THALES ALENIA SPACE ITALIA SPA,VIA SACCOMURO 24 I 00131 ROME ITALY,SENTINEL-6A/B-MMFU,1/1/2016,12/31/2016,"1,976,000.00"
European Space Agency Paris,TNO INDUSTRIAL RESEARCH,Anna van Buerenplein 1 The Hague NETHERLANDS,SENTINEL-5  UV1 ACTIVITY,1/1/2016,12/31/2016,"5,696,590.00"
European Space Agency Paris,TNO INDUSTRIAL RESEARCH,Anna van Buerenplein 1 The Hague NETHERLANDS,SENTINEL-5 PHASE B2 C/D E1. SD: TNO. 1.00.4: CALIBRATION ENGINEERING.,1/1/2016,12/31/2016,"2,149,546.00"
European Space Agency Paris,TNO INDUSTRIAL RESEARCH,Anna van Buerenplein 1 The Hague NETHERLANDS,SENTINEL-5 TSBOA ACTIVITY,1/1/2016,12/31/2016,"5,804,882.00"
European Space Agency Paris,T-SYSTEMS ENTERPRISE SERVICES GMBH,HAHNSTRASSE 43 D D 60528 FRANKFURT MAIN GERMANY,DATA CIRCULATION  DISSEMINATION NETWORK AND SECURITY FOR SENTINEL 1,1/1/2016,12/31/2016,"1,939,487.09"
European Space Agency Paris,T-SYSTEMS ENTERPRISE SERVICES GMBH,HAHNSTRASSE 43 D D 60528 FRANKFURT MAIN GERMANY,DATA CIRCULATION  DISSEMINATION NETWORK AND SECURITY FOR SENTINEL 2,1/1/2016,12/31/2016,"1,164,894.37"
European Space Agency Paris,T-SYSTEMS ENTERPRISE SERVICES GMBH,HAHNSTRASSE 43 D D 60528 FRANKFURT MAIN GERMANY,DATA CIRCULATION  DISSEMINATION NETWORK AND SECURITY FOR SENTINEL 3,1/1/2016,12/31/2016,"779,690.26"
European Space Agency Paris,UCL CONSULTANTS LTD,NETWORK BUILDING 2ND FLOOR LONDON GREAT BRITAIN,SENTINEL-2 LEVEL 2A STUDY - PRODUCT ASSESSMENT,1/1/2016,12/31/2016,"24,980.00"
European Space Agency Paris,UNIVERSITE CATHOLIQUE DE LOUVAIN,2 CHEMIN DU CYCLOTRON B-1348 LOUVAIN LA NEUVE BELGIUM,SENTINEL-2 LEVEL 2A STUDY - PRODUCT ASSESSMENT (UNIVERSITÉ CATHOLIQUE DE LOUVAIN),1/1/2016,12/31/2016,"25,000.00"
European Space Agency Paris,VISIOTERRA,14 rue Albert Einstein Champs-sur-Marne FRANCE,SENTINEL VISION SERVICE,1/1/2016,12/31/2016,"230,000.00"
European Space Agency Paris,VITO VL.INST.TECHN.ONDERZOEK,BOERETANG 200 MOL BELGIUM,Data Warehouse activities - data requirements,1/1/2016,12/31/2016,"111,254.00"
European Space Agency Paris,VTT TECHNICAL RESEARCH CENTRE OF FILTD,PO Box 1000 Espoo FINLAND,SENTINEL-2 ATMOSPHERIC CORRECTION ALGORITHM ASSESSMENT,1/1/2016,12/31/2016,"25,000.00"
European Space Agency Paris,ZARM TECHNIK AG,AM FALLTURM BREMEN GERMANY,SENTINEL-6A/B-MAG/MTQ,1/1/2016,12/31/2016,"181,606.00"
European Space Agency Paris,ACRI-ST S.A.S.,ROUTE DU PIN MONTARD 260 06904 SOPHIA ANTIPOLISCEDEX France,PREPARATION AND OPERATIONS OF THE MISSION PERFORMANCE CENTRE (MPC) FOR THE GMESSENTINEL-3 MISSION,1/1/2018,12/31/2018,"390,427.00"
European Space Agency Paris,AIM INFRAROT-MODULE GMBH,THERESIENSTRASSE 2 74072 HEILBRONN Germany,Sentinel-3 Satellites C/D Units construction,1/1/2018,12/31/2018,"50,000.00"
European Space Agency Paris,AIRBUS DEFENCE & SPACE NETHERLANDS(FORMER DUTCH SPACE),MENDELWEG 30 2333 CS Leiden The Netherlands,Sentinel 2 Satellites C/D Units construction,1/1/2018,12/31/2018,"37,748.00"
European Space Agency Paris,AIRBUS DEFENCE & SPACE NETHERLANDS(FORMER DUTCH SPACE),MENDELWEG 30 2333 CS Leiden The Netherlands,SENTINEL-5P TROPOMI INSTRUMENT IN-ORBIT OPERATIONS  MAINTENANCE SUPPORT,1/1/2018,12/31/2018,"1,117,977.00"
European Space Agency Paris,AIRBUS DEFENCE AND SPACE LIMITED,GUNNELS WOOD ROAD SG1 2AS STEVENAGE UnitedKingdom,SENTINEL-5P PLATFORM IN-ORBIT OPERATIONS  MAINTENANCE SUPPORT,1/1/2018,12/31/2018,"1,845,067.00"
European Space Agency Paris,AIRBUS DEFENCE AND SPACE LIMITED,GUNNELS WOOD ROAD SG1 2AS STEVENAGE UnitedKingdom,SENTINEL-6 A/B - MPPS,1/1/2018,12/31/2018,"74,734.00"
European Space Agency Paris,AIRBUS DEFENCE AND SPACE SAS,RUE DES COSMONAUTES 31 31402 TOULOUSE France,COPERNICUS DATA AND INFORMATION ACCESS SERVICES OPERATIONS,1/1/2018,12/31/2018,"15,918,899.00"
European Space Agency Paris,AIRBUS DEFENCE AND SPACE SAS,RUE DES COSMONAUTES 31 31402 TOULOUSE France,SENTINEL-1 PAYLOAD DATA GROUND SEGMENT SYSTEM OPERATIONS MAINTENANCE ANDEVOLUTIONS,1/1/2018,12/31/2018,"924,240.00"
European Space Agency Paris,AIRBUS DEFENCE AND SPACE SAS,RUE DES COSMONAUTES 31 31402 TOULOUSE France,SENTINEL-5 FPS ACTIVITY,1/1/2018,12/31/2018,"65,448.00"
European Space Agency Paris,AIRBUS DEFENCE AND SPACE SAS,RUE DES COSMONAUTES 31 31402 TOULOUSE France,SENTINEL-5P PLATFORM IN-ORBIT OPERATIONS  MAINTENANCE SUPPORT,1/1/2018,12/31/2018,"592,090.00"
European Space Agency Paris,AIRBUS DEFENCE AND SPACE S.A.U,AVENIDA DE ARAGÓN 404 28022  MADRID Spain,EC/ESA COPERNICUS -  SENTINEL-3 IN-ORBIT OPERATIONS  MAINTENANCE SUPPORT.,1/1/2018,12/31/2018,"311,825.00"
European Space Agency Paris,AIRBUS DEFENCE AND SPACE S.A.U,AVENIDA DE ARAGÓN 404 28022  MADRID Spain,Sentinel-3 Satellites C/D Units construction,1/1/2018,12/31/2018,"18,592.00"
European Space Agency Paris,AIRBUS DS GEO SA,RUE DES SATELLITES 5 31030 TOULOUSE CEDEX  4 France,COPERNICUS SPACE COMPONENT DATA ACCESS (CSC DA)  DATA WAREHOUSE,1/1/2018,12/31/2018,"4,310,000.00"
European Space Agency Paris,AIRBUS DS GEO SA,RUE DES SATELLITES 5 31030 TOULOUSE CEDEX  4 France,VERY HIGH RESOLUTION (VHR) IMAGE 2018,1/1/2018,12/31/2018,"24,161,655.00"
European Space Agency Paris,Airbus DS GmbH Sat,Claude-Dornier-Strasse 88090 Immenstaad Germany,Sentinel 2 Satellites C/D Units construction,1/1/2018,12/31/2018,"511,598.00"
European Space Agency Paris,Airbus DS GmbH Sat,Claude-Dornier-Strasse 88090 Immenstaad Germany,Sentinel-1 Satellites C/D Units Construction,1/1/2018,12/31/2018,"2,132,915.00"
European Space Agency Paris,Airbus DS GmbH Sat,Claude-Dornier-Strasse 88090 Immenstaad Germany,SENTINEL-5 PHASE B2 C/D,1/1/2018,12/31/2018,"3,233,686.00"
European Space Agency Paris,Airbus DS GmbH Sat,Claude-Dornier-Strasse 88090 Immenstaad Germany,Sentinel-6 A/B Satellite Instrument Construction,1/1/2018,12/31/2018,"884,976.00"
European Space Agency Paris,ATOS CONVERGENCE CREATORS GMBH,AUTOKADER STRASSE 29 1210 WIEN Austria,SENTINEL-5 EGSE ACTIVITY,1/1/2018,12/31/2018,"234,445.00"
European Space Agency Paris,CLS COLLECTE LOCALISATION SATELLITES,PARC TECHNOLOGIQUE DU CANAL RUE HERMES 11 31520RAMONVILLE SAINT-AGNE France,Sentinel-3 Satellites C/D Units construction,1/1/2018,12/31/2018,"99,625.00"
European Space Agency Paris,CNES CST,Avenue Edouard Belin 18 Toulouse France,SENTINEL-3 CNES ROUTINE OPERATIONAL PHASE SUPPORT,1/1/2018,12/31/2018,"132,588.00"
European Space Agency Paris,COBHAM CHELTON TELECOM & MICROWAVETRADING AS COBHAM MICROWAVE SAS,AV.DE LA BALTIQUEZA de Courtaboeuf 31 91978 Villebon-sur-Yvette France,Sentinel-3 Satellites C/D Units construction,1/1/2018,12/31/2018,"45,300.00"
European Space Agency Paris,COBHAM CHELTON TELECOM & MICROWAVETRADING AS COBHAM MICROWAVE SAS,AV.DE LA BALTIQUEZA de Courtaboeuf 31 91978 Villebon-sur-Yvette France,SENTINEL-6 A/B - DUPLEXER C-BAND,1/1/2018,12/31/2018,"29,592.00"
European Space Agency Paris,CRISA SA COMPUTADORAS REDES E INGENIERIA,C/.TORRES QUEVEDOS/N 9 28760 MADRID Spain,SENTINEL-5 SWIR SS ACTIVITY,1/1/2018,12/31/2018,"18,444.00"
European Space Agency Paris,CS SYSTEMES D INFORMATION,ZAC DE LA GRANDE PLAINE 5 31506 F-31506 TOULOUSECEDEX 5 France,SENTINEL-2 PAYLOAD DATA GROUND SEGMENT (PDGS),1/1/2018,12/31/2018,"82,046.00"
European Space Agency Paris,CSL - CENTRE SPATIAL DE LIÈGE,Avenue Pré-aily 4031 ANGLEUR LIEGE Belgium,Sentinel 2 Satellites C/D Units construction,1/1/2018,12/31/2018,"1,379,013.00"
European Space Agency Paris,DEIMOS IMAGING S.L.U.,EDIFICIO GALILEO MODULO GRIS OFFICE 101 47151BOECILLO VALLADOLID Spain,COPERNICUS SPACE COMPONENT DATA ACCESS (CSC DA)  DATA WAREHOUSE,1/1/2018,12/31/2018,"568,000.00"
European Space Agency Paris,DEIMOS SPACE S.L.U,RONDA DE PONIENTE 19 EDIF.2 2A PL. 19 28760 TRESCANTOS/MADRID Spain,SENTINEL-1 UPGRADE FOR THE COMMISSIONING PHASE CALIBRATION AND PERFORMANCEANALYSIS FACILITY (CPAF) INFRASTRUCTURE,1/1/2018,12/31/2018,"250,000.00"
European Space Agency Paris,DTM SRL,VIA TACITO 65 41123 MODENA Italy,SENTINEL-5 MGSE ACTIVITY,1/1/2018,12/31/2018,"22,080.00"
European Space Agency Paris,EJR QUARTZ B.V,3E BINNENVESTGRACHT 23-F 2312 NR Leiden TheNetherlands,SENTINEL USER HANDBOOK  TECHNICAL EDITORIAL SERVICE,1/1/2018,12/31/2018,"64,034.00"
European Space Agency Paris,EUROPEAN SPACE IMAGING GMBH,Arnulfstrasse 199 80634 Munich Germany,COPERNICUS SPACE COMPONENT DATA ACCESS (CSC DA)  DATA WAREHOUSE,1/1/2018,12/31/2018,"3,503,291.00"
European Space Agency Paris,GMV AEROSPACE AND DEFENCE SA,ISAAC NEWTON / PTM 11 28760 MADRID / TRES CANTOS Spain,Sentinel-3 Satellites C/D Units construction,1/1/2018,12/31/2018,"200,000.00"
European Space Agency Paris,GMV Insyen AG,Manchener Strasse 20 82234 Weling Germany,COPERNICUS OPERATIONS SERVICE SUPPORT,1/1/2018,12/31/2018,"284,442.73"
European Space Agency Paris,HTG- HYPERSCHALL TECHNOLOGIE GOETTI,Am Handweisergraben 13 37120 Bovenden Germany,Sentinel-1 Satellites C/D Units Construction,1/1/2018,12/31/2018,"20,000.00"
European Space Agency Paris,IABG MBH,EINSTEINSTRASSE 20 85521 Ottobrunn Germany,SENTINEL-6 A/B - TEST FACILITIES,1/1/2018,12/31/2018,"1,010,000.00"
European Space Agency Paris,JENA-OPTRONIK GMBH,Otto-Eppenstein-Strasse 3 07745 JENA Germany,Sentinel 2 Satellites C/D Units construction,1/1/2018,12/31/2018,"103,016.00"
European Space Agency Paris,KNMI,Utrechtseweg 297 3731 GA DE BILT The Netherlands,SENTINEL-5 PRECURSOR (S5P) MISSION PERFORMANCE CENTRE (MPC),1/1/2018,12/31/2018,"6,821,517.00"
European Space Agency Paris,Leonardo S.p.a.,Piazza Monte Grappa 4 00195 ROME Italy,SENTINEL-5 SWIR SS ACTIVITY,1/1/2018,12/31/2018,"51,380.00"
European Space Agency Paris,Leonardo S.p.a.,Piazza Monte Grappa 4 00195 ROME Italy,SENTINEL-6 A/B - SAW,1/1/2018,12/31/2018,"101,697.00"
European Space Agency Paris,LSE Space GMBH,ARGELSRIEDERFELD 22 82234 WESSLING Germany,COPERNICUS OPERATIONS SERVICE SUPPORT,1/1/2018,12/31/2018,"1,951,326.05"
European Space Agency Paris,LSE Space GMBH,ARGELSRIEDERFELD 22 82234 WESSLING Germany,COPERNICUS PRECISE ORBIT DETERMINATION GPS ORBITS AND CLOCKS,1/1/2018,12/31/2018,"1,963,533.00"
European Space Agency Paris,LUFTBLICK OG,Kreith 39a 6162 Mutters Austria,POP (PANDONIA OPERATIONS),1/1/2018,12/31/2018,"1,900,000.00"
European Space Agency Paris,MICOS ENGINEERING GMBH,Sackmatt 10A 6242 Wauwil Switzerland,SENTINEL-5 CAS ACTIVITY,1/1/2018,12/31/2018,"57,217.00"
European Space Agency Paris,NATIONAL PHYSICAL LABORATORY - NPL Management Limited,HAMPTON ROAD N/A TW11 0LW GB TEDDINGTON UnitedKingdom,VALIDATION FOR VEGETATION (VAL4VEG),1/1/2018,12/31/2018,"448,483.00"
European Space Agency Paris,OCEANDATALAB,ROUTE DE DEOLEN 870 29280 LOCMARIA PLOUZANEFrance,SENTINEL-1 RADIAL VELOCITIES (RVL) PILOT PROJECT,1/1/2018,12/31/2018,"198,863.00"
European Space Agency Paris,Planet Labs Germany GmbH,Kurfürstendamm 22 10719 BERLIN Germany,BLACKBRIDGE - COPERNICUS SPACE COMPONENT DATA ACCESS (CSC DA)  DATA WAREHOUSE,1/1/2018,12/31/2018,"953,213.00"
European Space Agency Paris,RHEA SYSTEM S.A.,AVENUE EINSTEIN 8 1300 Wavre Belgium,PDGS - ENGINEERING AND MANAGEMENT SUPPORT SERVICES,1/1/2018,12/31/2018,"382,386.17"
European Space Agency Paris,RHEA SYSTEM S.A.,AVENUE EINSTEIN 8 1300 Wavre Belgium,PDGS - ENGINEERING AND MANAGEMENT SUPPORT SERVICES (EMSS),1/1/2018,12/31/2018,"586,286.37"
European Space Agency Paris,RUAG SPACE AB,Solhusgatan (Delsjömotet) 11 405 15 GOETEBORG Sweden,Sentinel 2 Satellites C/D Units construction,1/1/2018,12/31/2018,"29,910.00"
European Space Agency Paris,RUAG SPACE AB,Solhusgatan (Delsjömotet) 11 405 15 GOETEBORG Sweden,SENTINEL-5P TROPOMI INSTRUMENT IN-ORBIT OPERATIONS  MAINTENANCE SUPPORT,1/1/2018,12/31/2018,"526,605.00"
European Space Agency Paris,SCISYS LTD,METHUEN PARK SN14 0GB CHIPPENHAM United Kingdom,DEVELOPMENT AND MAINTENANCE OF OPERATIONAL SIMULATOR FOR SENTINEL,1/1/2018,12/31/2018,"300,000.00"
European Space Agency Paris,SERCO Italia SpA,VIA SCIADONNA 24/26 00044 I-00044 FRASCATI Italy,SENTINELS ROLLING ARCHIVE PRODUCTS USER ACCESS OPERATIONS MAINTENANCE ANDEVOLUTIONS,1/1/2018,12/31/2018,"1,060,209.64"
European Space Agency Paris,SODERN,AVENUE DESCARTES 20 94451 LIMEIL-BREVANNES France,SENTINEL-5 UV2VIS ACTIVITY,1/1/2018,12/31/2018,"150,364.00"
European Space Agency Paris,SODERN,AVENUE DESCARTES 20 94451 LIMEIL-BREVANNES France,SENTINEL-5P PLATFORM IN-ORBIT OPERATIONS  MAINTENANCE SUPPORT,1/1/2018,12/31/2018,"240,504.00"
European Space Agency Paris,SOLENIX DEUTSCHLAND GMBH,Spreestrasse 3 64295 DARMSTADT Germany,COPERNICUS SENTINELS HKTM ANALYSIS  WAREHOUSING TOOL. FOS ENGINEERING ANDOPERATIONAL SUPPORT,1/1/2018,12/31/2018,"799,999.82"
European Space Agency Paris,SPACETECH GMBH,SEELBACHSTRASSE 13 88090 Immenstaad Germany,SENTINEL-6 A/B - CESS,1/1/2018,12/31/2018,"45,000.00"
European Space Agency Paris,SPACETECH GMBH,SEELBACHSTRASSE 13 88090 Immenstaad Germany,SENTINEL-6 A/B - SAW,1/1/2018,12/31/2018,"161,957.00"
European Space Agency Paris,STFC RUTHERFORD APPLETON LABORATORY,HARWELL CAMPUS Didcot United Kingdom,Sentinel-3 Satellites C/D Units construction,1/1/2018,12/31/2018,"179,890.00"
European Space Agency Paris,SWEDISH SPACE CORPORATION,Torggatan 15 P.O. Box 4207 171 04 Solna Sweden,COPERNICUS KIRUNA STATION OPERATIONS AND MAINTENANCE SERVICES,1/1/2018,12/31/2018,"4,432,320.00"
European Space Agency Paris,Teledyne e2v (UK) Limited,WATERHOUSE LANE 106 CM1 2QU CHELMSFORD UnitedKingdom,SENTINEL-5 UVN CCD ACTIVITY,1/1/2018,12/31/2018,"17,619.00"
European Space Agency Paris,TELESPAZIO S.P.A.,VIA TIBURTINA 965 00156 I 00156 ROMA Italy,COPERNICUS SPACE COMPONENT DATA ACCESS SYSTEM (CSCDA) COORDINATED DATA ACCESSSYSTEM (CDS) VERSION 3 EVOLUTIONS OPERATIONS AND MAINTENANCE (CDS V3),1/1/2018,12/31/2018,"6,171,093.00"
European Space Agency Paris,Telespazio VEGA Deutschland GmbH,Europaplatz 5 64293 DARMSTADT Germany,COPERNICUS FLIGHT OPERATIONS SEGMENT MISSION CONTROL SYSTEM EVOLUTION TECHNICALSTUDY,1/1/2018,12/31/2018,"250,000.00"
European Space Agency Paris,Telespazio VEGA Deutschland GmbH,Europaplatz 5 64293 DARMSTADT Germany,COPERNICUS OPERATIONS SERVICE SUPPORT,1/1/2018,12/31/2018,"75,791.03"
European Space Agency Paris,Telespazio VEGA Deutschland GmbH,Europaplatz 5 64293 DARMSTADT Germany,STUDY ON OPERATIONS PREPARATION ENVIRONMENT(S) FOR MANAGEMENT OF COPERNICUSSENTINEL MULTI-SATELLITE CONSTELLATIONS (OPEN-MC),1/1/2018,12/31/2018,"500,000.00"
European Space Agency Paris,THALES ALENIA SPACE ESPANA,C / EINSTEIN 7 (PTM) 28760 E-28760 TRES CANTOS -MADRID Spain,Sentinel-3 Satellites C/D Units construction,1/1/2018,12/31/2018,"321,441.00"
European Space Agency Paris,THALES ALENIA SPACE ESPANA,C / EINSTEIN 7 (PTM) 28760 E-28760 TRES CANTOS -MADRID Spain,SENTINEL-6 A/B - SBT,1/1/2018,12/31/2018,"21,817.00"
European Space Agency Paris,THALES ALENIA SPACE FRANCE,AVENUE JEAN-FRANCOIS CHAMPOLLION 26 31100TOULOUSE France,COPERNICUS SPACE COMPONENT SENTINEL-2 PAYLOAD DATA GROUND SEGMENT SYSTEMOPERATIONS MAINTENANCE AND EVOLUTION,1/1/2018,12/31/2018,"29,119,786.00"
European Space Agency Paris,THALES ALENIA SPACE FRANCE,AVENUE JEAN-FRANCOIS CHAMPOLLION 26 31100TOULOUSE France,SENTINEL-2 PAYLOAD DATA GROUND SEGMENT (PDGS),1/1/2018,12/31/2018,"134,864.00"
European Space Agency Paris,THALES ALENIA SPACE FRANCE,AVENUE JEAN-FRANCOIS CHAMPOLLION 26 31100TOULOUSE France,Sentinel-3 Satellites C/D Units construction,1/1/2018,12/31/2018,"1,387,028.00"
European Space Agency Paris,THALES ALENIA SPACE ITALIA SPA,VIA SACCOMURO 24 00131 ROME Italy,Sentinel-1 Satellites C/D Units Construction,1/1/2018,12/31/2018,"2,807,158.00"
European Space Agency Paris,THALES ALENIA SPACE ITALIA SPA,VIA SACCOMURO 24 00131 ROME Italy,Sentinel-3 Satellites C/D Units construction,1/1/2018,12/31/2018,"100,000.00"
European Space Agency Paris,THALES SERVICES S.A.S,AVENUE DU GENERAL EISENHOWER Number 31037 BP 1228TOULOUSE France,SENTINEL-2 PAYLOAD DATA GROUND SEGMENT (PDGS),1/1/2018,12/31/2018,"438,235.00"
European Space Agency Paris,T-Systems International GmbH,HAHNSTRASSE 43 D 60528 FRANKFURT MAIN Germany,DATA CIRCULATION  DISSEMINATION NETWORK AND SECURITY FOR THE GMES SENTINELSSATELLITES,1/1/2018,12/31/2018,"1,863,041.96"
European Space Agency Paris,TTI,Albert Einstein 14 39011 SANTANDER Spain,PORTING OF GROUND STATION MONITORING AND CONTROL SYSTEM IN SUPPORT TO COPERNICUSSENTINELS MULTI-SATELLITE CONSTELLATIONS,1/1/2018,12/31/2018,"500,000.00"
European Space Agency Paris,TU Wien,Karlsplatz 13 1040 WIEN Austria,DEVELOPMENT OF A GLOBAL  SENTINEL-1 LAND SURFACE BACKSCATTER MODEL,1/1/2018,12/31/2018,"234,889.00"
European Space Agency Paris,UNIVERSITY OF SOUTHAMPTON,HIGHFIELD Number SO17 1BJ GB SOUTHAMPTON SO17 1BJUnited Kingdom,COPERNICUS SENTINEL-3 SEA AND LAND SURFACE TEMPERATURE RADIOMETER SEA SURFACETEMPERATURE VALIDATION USING FIDUCIAL REFERENCE MEASUREMENTS SERVICE,1/1/2018,12/31/2018,"399,881.00"
European Space Agency Paris,VISIOTERRA,Rue Albert Einstein 14 77420 CHAMPS-SUR-MARNE France,SENTINEL VISION SERVICE,1/1/2018,12/31/2018,"150,000.00"
European Space Agency Paris,VITO VL.INST.TECHN.ONDERZOEK,BOERETANG 200 2400 MOL Belgium,COPERNICUS SPACE COMPONENT DATA ACCESS (CSC DA)  DATA WAREHOUSE,1/1/2018,12/31/2018,"939,276.00"
European Space Agency Paris,ACRI-ST S.A.S.,ROUTE DU PIN MONTARD 260 06904 SOPHIA ANTIPOLISCEDEX France,PREPARATION AND OPERATIONS OF THE MISSION PERFORMANCE CENTRE (MPC) FOR THESENTINEL-3 MISSION,1/1/2019,12/31/2019,"1,354,940.00"
European Space Agency Paris,Airbus Def&Space GmbH,Claude-Dornier-Strasse 88090 Immenstaad Germany,Sentinel 2 Satellites C/D Units construction,1/1/2019,12/31/2019,"2,103,804.00"
European Space Agency Paris,Airbus Def&Space GmbH,Claude-Dornier-Strasse 88090 Immenstaad Germany,Sentinel-1 Satellites C/D Units Construction,1/1/2019,12/31/2019,"656,708.00"
European Space Agency Paris,Airbus Def&Space GmbH,Claude-Dornier-Strasse 88090 Immenstaad Germany,SENTINEL-5 PHASE B2,1/1/2019,12/31/2019,"3,109,000.00"
European Space Agency Paris,Airbus Def&Space GmbH,Claude-Dornier-Strasse 88090 Immenstaad Germany,SENTINEL-6 A/B - PRIME,1/1/2019,12/31/2019,"1,119,222.00"
European Space Agency Paris,AIRBUS DEFENCE & SPACE NETHERLANDS B.V.,MENDELWEG 30 2333 CS LEIDEN Netherlands,Sentinel 2 Satellites C/D Units construction,1/1/2019,12/31/2019,"28,266.00"
European Space Agency Paris,AIRBUS DEFENCE & SPACE NETHERLANDS B.V.,MENDELWEG 30 2333 CS LEIDEN Netherlands,Sentinel-1 Satellites C/D Units Construction,1/1/2019,12/31/2019,"26,762.00"
European Space Agency Paris,Airbus Defence and Space GmbH,Willy-Messerschmitt-Str. 1 82024 Taufkirchen Germany,COPERNICUS DIGITAL ELEVATION MODEL (DEM),1/1/2019,12/31/2019,"10,000,000.00"
European Space Agency Paris,AIRBUS DEFENCE AND SPACE LIMITED,GUNNELS WOOD ROAD SG1 2AS STEVENAGE UnitedKingdom,HOSTING OPERATION MAINTENANCE EVOLUTION AND CONTENTMANAGEMENT OF AGENCYSCOPERNICUS SENTINELS WORLD WIDEWEB SITES,1/1/2019,12/31/2019,"504,755.00"
European Space Agency Paris,AIRBUS DEFENCE AND SPACE LIMITED,GUNNELS WOOD ROAD SG1 2AS STEVENAGE UnitedKingdom,Sentinel-1 Satellites C/D Units Construction,1/1/2019,12/31/2019,"119,340.00"
European Space Agency Paris,AIRBUS DEFENCE AND SPACE LIMITED,GUNNELS WOOD ROAD SG1 2AS STEVENAGE UnitedKingdom,SENTINEL-6 A/B - MPPS,1/1/2019,12/31/2019,"39,055.00"
European Space Agency Paris,AIRBUS DEFENCE AND SPACE SAS,Rue des Cosmonautes 31 31402 Toulouse France,Sentinel 2 Satellites C/D Units construction,1/1/2019,12/31/2019,"241,277.00"
European Space Agency Paris,AIRBUS DEFENCE AND SPACE SAS,Rue des Cosmonautes 31 31402 Toulouse France,SENTINEL-1 PAYLOAD DATA GROUND SEGMENT SYSTEM OPERATIONS MAINTENANCE ANDEVOLUTIONS,1/1/2019,12/31/2019,"4,583,949.00"
European Space Agency Paris,AIRBUS DEFENCE AND SPACE S.A.U,AVENIDA DE ARAGÓN 404 28022 MADRID Spain,Sentinel 2 Satellites C/D Units construction,1/1/2019,12/31/2019,"68,387.00"
European Space Agency Paris,AIRBUS DEFENCE AND SPACE S.A.U,AVENIDA DE ARAGÓN 404 28022 MADRID Spain,Sentinel-3 Satellites C/D Units construction,1/1/2019,12/31/2019,"50,000.00"
European Space Agency Paris,AIRBUS DEFENCE AND SPACE S.A.U,AVENIDA DE ARAGÓN 404 28022 MADRID Spain,SENTINEL-6 A/B - HARNESS,1/1/2019,12/31/2019,"28,271.00"
European Space Agency Paris,AIRBUS DS GEO SA,RUE DES SATELLITES 5 31030 TOULOUSE CEDEX  4 France,COPERNICUS SPACE COMPONENT DATA ACCESS (CSC DA)  DATA WAREHOUSE,1/1/2019,12/31/2019,"5,500,000.00"
European Space Agency Paris,ALIA SPACE SYSTEMS SRL,VIA LUNATI 10 00044 FRASCATI Italy,COPERNICUS DATA ACQUISITION CAPACITY ANALYSIS,1/1/2019,12/31/2019,"389,796.00"
European Space Agency Paris,ALMATECH SA,EPFL INNOVATION PARK BUILDING D Building D 1015LAUSANNE Switzerland,SENTINEL-5 IOMSR ACTIVITY,1/1/2019,12/31/2019,"1,222,225.00"
European Space Agency Paris,ARESYS SRL,VIA FLUMENDOSA 16 20132 MILANO Italy,SENTINEL-1 RADIO FREQUENCY INTERFERENCES GLOBAL MAPPING,1/1/2019,12/31/2019,"120,000.00"
European Space Agency Paris,ARIANESPACE,BOULEVARD DE L'EUROPEBP 177 300 91006 EVRY-COURCOURONNES CEDEX France,VEGA-C LAUNCHER COMPATIBILITY STUDY FOR SENTINEL-1C,1/1/2019,12/31/2019,"1,282,440.00"
European Space Agency Paris,ARIANESPACE,BOULEVARD DE L'EUROPEBP 177 300 91006 EVRY-COURCOURONNES CEDEX France,VEGA-C LAUNCHER COMPATIBILITY STUDY FOR SENTINEL-2C,1/1/2019,12/31/2019,"1,059,240.00"
European Space Agency Paris,ARIANESPACE,BOULEVARD DE L'EUROPEBP 177 300 91006 EVRY-COURCOURONNES CEDEX France,VEGA-C LAUNCHER COMPATIBILITY STUDY FOR SENTINEL-3C,1/1/2019,12/31/2019,"1,055,240.00"
European Space Agency Paris,ATOS IT SOLUTIONS & SERVICES GMBH,Siemensstraße  92 1210 Wien Austria,SENTINEL-5 EGSE ACTIVITY,1/1/2019,12/31/2019,"164,065.00"
European Space Agency Paris,ATOS IT SOLUTIONS & SERVICES GMBH,Siemensstraße  92 1210 Wien Austria,SENTINEL-6 A/B - EGSE,1/1/2019,12/31/2019,"53,428.00"
European Space Agency Paris,C-CORE,CAPTAIN ROBERT A. BARTLETT BUILDING 1 A1B 3X5STJOHNS Canada,SENTINEL-1 TRANSPONDER REFURBISHMENT,1/1/2019,12/31/2019,"248,500.00"
European Space Agency Paris,CLS COLLECTE LOCALISATION SATELLITES,PARC TECHNOLOGIQUE DU CANAL RUE HERMES 11 31520RAMONVILLE SAINT-AGNE France,MISSION PERFORMANCE CENTERS (MPC) FOR SENTINEL 1,1/1/2019,12/31/2019,"3,360,448.00"
European Space Agency Paris,CLS COLLECTE LOCALISATION SATELLITES,PARC TECHNOLOGIQUE DU CANAL RUE HERMES 11 31520RAMONVILLE SAINT-AGNE France,OFF-LINE PROCESSING AND ARCHIVING CENTRES (PACS),1/1/2019,12/31/2019,"267,614.00"
European Space Agency Paris,CLS COLLECTE LOCALISATION SATELLITES,PARC TECHNOLOGIQUE DU CANAL RUE HERMES 11 31520RAMONVILLE SAINT-AGNE France,Sentinel-3 Satellites C/D Units construction,1/1/2019,12/31/2019,"399,960.00"
European Space Agency Paris,COM DEV EUROPE LIMITED (T/A HONEYWELL),TRIANGLE BUSINESS PARK 10 HP22 5SX AYLESBURYUnited Kingdom,Sentinel-1 Satellites C/D Units Construction,1/1/2019,12/31/2019,"1,140,000.00"
European Space Agency Paris,CRISA SA COMPUTADORAS REDES E INGENIERIA,C/.TORRES QUEVEDO 9 28760 MADRID Spain,SENTINEL-5 ICS ACTIVITY,1/1/2019,12/31/2019,"650,001.00"
European Space Agency Paris,CRISA SA COMPUTADORAS REDES E INGENIERIA,C/.TORRES QUEVEDO 9 28760 MADRID Spain,SENTINEL-5 UVN FEE ACTIVITY,1/1/2019,12/31/2019,"37,266.00"
European Space Agency Paris,CRISA SA COMPUTADORAS REDES E INGENIERIA,C/.TORRES QUEVEDO 9 28760 MADRID Spain,SENTINEL-6 A/B - PCDU,1/1/2019,12/31/2019,"280,815.00"
European Space Agency Paris,CS SYSTEMES D INFORMATION,ZAC DE LA GRANDE PLAINE 5 31506 F-31506 TOULOUSECEDEX 5 France,PREPARATION AND OPERATIONS OF THE MISSION PERFORMANCE CENTRE (MPC) FOR THESENTINEL-2 MISSION,1/1/2019,12/31/2019,"1,809,849.00"
European Space Agency Paris,DLR - GERMAN AEROSPACE CENTER,Linder Höhe 1 51147 Cologne Germany,OFF-LINE PROCESSING AND ARCHIVING CENTRES (PACS),1/1/2019,12/31/2019,"2,494,747.99"
European Space Agency Paris,DLR - GERMAN AEROSPACE CENTER,Linder Höhe 1 51147 Cologne Germany,SENTINEL-1 AUXILIARY PRODUCT FOR PRECISE ATMOSPHERIC AND GEODETIC CORRECTION,1/1/2019,12/31/2019,"599,906.00"
European Space Agency Paris,DLR - GERMAN AEROSPACE CENTER,Linder Höhe 1 51147 Cologne Germany,SENTINEL-5 PRECURSOR PAYLOAD DATA GROUND SEGMENT UPGRADE TO OPERATIONS,1/1/2019,12/31/2019,"837,225.00"
European Space Agency Paris,DTM SRL,VIA TACITO 65 41123 MODENA Italy,SENTINEL-5 MGSE ACTIVITY,1/1/2019,12/31/2019,"78,569.00"
European Space Agency Paris,E-GEOS,VIA TIBURTINA  965 00156 ROMA Italy,PREPARATION AND OPERATION OF THE CORE X-BAND ACQUISITION AND NEAR REAL-TIMEFACILITIES - MATERA GROUND STATION,1/1/2019,12/31/2019,"217,765.00"
European Space Agency Paris,EJR QUARTZ B.V,Legewerfsteeg 8 2312 GW LEIDEN Netherlands,SENTINEL USER HANDBOOK  TECHNICAL EDITORIAL SERVICE,1/1/2019,12/31/2019,"102,119.00"
European Space Agency Paris,EUROPEAN SPACE IMAGING GMBH,ARNULFSTRASSE 199 80634 MUNICH Germany,COPERNICUS SPACE COMPONENT DATA ACCESS (CSC DA)  DATA WAREHOUSE,1/1/2019,12/31/2019,"5,500,000.00"
European Space Agency Paris,GMV AEROSPACE AND DEFENCE SA,ISAAC NEWTON / PTM 11 28760 MADRID / TRES CANTOSSpain,SENTINEL 1 2 3 PRECISE ORBIT DETERMINATION SERVICE,1/1/2019,12/31/2019,"829,576.00"
European Space Agency Paris,GMV AEROSPACE AND DEFENCE SA,ISAAC NEWTON / PTM 11 28760 MADRID / TRES CANTOSSpain,SENTINEL-1 OPERATIONAL SIMULATOR DEVELOPMENT AND MAINTENANCE,1/1/2019,12/31/2019,"227,000.00"
European Space Agency Paris,IABG MBH,EINSTEINSTRASSE 20 85521 OTTOBRUNN Germany,SENTINEL-5 ITF ACTIVITY,1/1/2019,12/31/2019,"176,800.00"
European Space Agency Paris,INDRA SISTEMAS,Avenida de Bruselas  33-35 28108 Alcobendas - Madrid Spain,OFF-LINE PROCESSING AND ARCHIVING CENTRES (PACS),1/1/2019,12/31/2019,"444,760.00"
European Space Agency Paris,INTA. INSTITUTO NACIONAL DE TECNICA AEROESPACIAL,CARRETERA DE AJALVIR KM4 Km4 28850 TORREJON DEARDOZ MADRID Spain,ACQUISITION AND NEAR REAL-TIME (NRT) STATIONS,1/1/2019,12/31/2019,"263,602.50"
European Space Agency Paris,JENA-OPTRONIK GMBH,Otto-Eppenstein-Strasse 3 07745 JENA Germany,SENTINEL- 5 NIR SO ACTIVITY,1/1/2019,12/31/2019,"183,156.00"
European Space Agency Paris,KONGSBERG SATELLITE SERVICES AS,PRESTVANNVEIEN 38 9291 TROMSO Norway,PREPARATION AND OPERATION OF THE CORE X-BAND ACQUISITION AND NEAR REAL-TIMEFACILITIES - SVALBARD GROUND STATION,1/1/2019,12/31/2019,"408,367.00"
European Space Agency Paris,Leonardo S.p.a.,Piazza Monte Grappa 4 00195 Rome Italy,SENTINEL-3 IN-ORBIT OPERATIONS  MAINTENANCE SUPPORT.,1/1/2019,12/31/2019,"235,549.00"
European Space Agency Paris,Leonardo S.p.a.,Piazza Monte Grappa 4 00195 Rome Italy,Sentinel-3 Satellites C/D Units construction,1/1/2019,12/31/2019,"50,000.00"
European Space Agency Paris,Leonardo S.p.a.,Piazza Monte Grappa 4 00195 Rome Italy,SENTINEL-5 SWIR SS ACTIVITY,1/1/2019,12/31/2019,"45,378.00"
European Space Agency Paris,LSE Space GMBH,ARGELSRIEDERFELD 22 82234 WESSLING Germany,COPERNICUS OPERATIONS SERVICE SUPPORT,1/1/2019,12/31/2019,"408,198.97"
European Space Agency Paris,LUSOSPACE - PROJ DE ENGENHARIA,RUA SARMENTO BEIRES 31A 1900-411 LISBOA Portugal,SENTINEL-5 OGSE ACTIVITY,1/1/2019,12/31/2019,"2,220,185.00"
European Space Agency Paris,MICOS ENGINEERING GMBH,Sackmatt 10a 6242 Wauwil Switzerland,SENTINEL-5 CAS ACTIVITY,1/1/2019,12/31/2019,"70,000.00"
European Space Agency Paris,NANSEN ENVIRONMENTAL & REMOTE SENSI,THORMOHLENS GATE 47 5006 BERGEN Norway,SENTINEL-1 ADVANCED NOISE REMOVAL APPROACH,1/1/2019,12/31/2019,"149,778.00"
European Space Agency Paris,OCEANDATALAB,ROUTE DE DEOLEN  870 29280 LOCMARIA PLOUZANEFrance,SENTINEL-1 RADIAL VELOCITIES (RVL) PILOT PROJECT,1/1/2019,12/31/2019,"200,000.00"
European Space Agency Paris,Rayference SPRL,Avenue Paul Deschanel  247 B3 1030 Brussels Belgium,RADIATIVE TRANSFER MODEL FOR PRODUCTS VALIDATION (RTMPV),1/1/2019,12/31/2019,"1,000,000.00"
European Space Agency Paris,RUAG SPACE GMBH,STACHEGASSE 16 1120 WIEN Austria,Sentinel-1 Satellites C/D Units Construction,1/1/2019,12/31/2019,"1,035,554.00"
European Space Agency Paris,RUAG SPACE GMBH,STACHEGASSE 16 1120 WIEN Austria,SENTINEL-3 IN-ORBIT OPERATIONS  MAINTENANCE SUPPORT,1/1/2019,12/31/2019,"140,000.00"
European Space Agency Paris,RUAG SPACE GMBH,STACHEGASSE 16 1120 WIEN Austria,SENTINEL-5 IOMT ACTIVITY,1/1/2019,12/31/2019,"25,060.00"
European Space Agency Paris,SCIENCE AND TECHNOLOGY BV,Olof Palmestraat 14 2616 LR DELFT Netherlands,SENTINEL 5-P PRODUCT ALGORITHM LABORATORY,1/1/2019,12/31/2019,"1,599,971.00"
European Space Agency Paris,SCISYS DEUTSCHLAND GMBH,BORGMANNSTRASSE 2 44894 BOCHUM Germany,ADAPTATION OF FLIGHT DYNAMICS ORBIT INFRASTRUCTURE FOR SENTINEL-C/D,1/1/2019,12/31/2019,"500,000.00"
European Space Agency Paris,SCISYS UK Ltd,METHUEN PARK SN14 0GB CHIPPENHAM United Kingdom,DEVELOPMENT AND MAINTENANCE OF OPERATIONAL SIMULATOR FOR SENTINEL,1/1/2019,12/31/2019,"300,000.00"
European Space Agency Paris,SENER AEROESPACIAL S.A.,Avenida de Zugazarte 56 48930 Getxo Spain,SENTINEL-5 SWIR SS ACTIVITY,1/1/2019,12/31/2019,"519,640.00"
European Space Agency Paris,SERCO Italia SpA,VIA SCIADONNA  24/26 00044 I-00044 FRASCATI Italy,SENTINELS ROLLING ARCHIVE PRODUCTS USER ACCESS OPERATIONS MAINTENANCE ANDEVOLUTIONS,1/1/2019,12/31/2019,"996,613.61"
European Space Agency Paris,SIMON FRASER UNIVERSITY,8888 University Drive 0 V5A 1S6 Vancouver Canada,SENTINEL-1 DOPPLER CENTROID ESTIMATION ANALYSIS,1/1/2019,12/31/2019,"75,000.00"
European Space Agency Paris,SODERN,AVENUE DESCARTES 20 94451 LIMEIL-BREVANNES France,SENTINEL-3 IN-ORBIT OPERATIONS MAINTENANCE SUPPORT,1/1/2019,12/31/2019,"84,485.00"
European Space Agency Paris,SODERN,AVENUE DESCARTES 20 94451 LIMEIL-BREVANNES France,SENTINEL-5 UV2VIS ACTIVITY,1/1/2019,12/31/2019,"36,672.00"
European Space Agency Paris,Sorbonne Université SU,PLACE JUSSIEU 4 75252 PARIS CEDEX France,SENTINEL 2  3 FIDUCIAL REFERENCES: MEASUREMENT FOR OCEAN COLOUR,1/1/2019,12/31/2019,"800,000.00"
European Space Agency Paris,SPACETECH GMBH,SEELBACHSTRASSE 13 88090 IMMENSTAAD Germany,SENTINEL-6 A/B - SAW,1/1/2019,12/31/2019,"18,789.00"
European Space Agency Paris,STFC RUTHERFORD APPLETON LABORATORY,HARWELL CAMPUS OX11 0QX DIDCOT United Kingdom,SENTINEL-3 OPTICAL PHASE E1 MANAGEMENT,1/1/2019,12/31/2019,"151,553.00"
European Space Agency Paris,SWEDISH SPACE CORPORATION,Torggatan  15 171 04 SOLNA Sweden,KIRUNA STATION OPERATIONS AND MAINTENANCE SERVICES,1/1/2019,12/31/2019,"55,743.00"
European Space Agency Paris,TAITUS SOFTWARE ITALIA SRL,Via Frascati 60 00078 Monte Porzio Catone (RM) Italy,SaVoir licenses & GSA maintenance,1/1/2019,12/31/2019,"31,350.00"
European Space Agency Paris,TELECOM ITALIA S.P.A. O TIM S.P.A.,Via Gaetano Negri 1 1 20123 Milano Italy,EARTH OBSERVATION ENHANCED SECURITY OPERATIONS SERVICES (ESOS) FOR COPERNICUS,1/1/2019,12/31/2019,"3,500,000.00"
European Space Agency Paris,TELESPAZIO S.P.A.,VIA TIBURTINA 965 00156 ROME Italy,PRISM: COPERNICUS CONTRIBUTING MISSIONS ACCESS SUPPORT FUNCTIONS AND PLATFORM,1/1/2019,12/31/2019,"12,500,000.00"
European Space Agency Paris,TESAT-SPACECOM GMBH & CO.KG,Gerberstrasse 49 71522 BACKNANG Germany,OPTICAL COMMUNICATION PAYLOADS IN-ORBIT MAINTENANCE SUPPORT,1/1/2019,12/31/2019,"892,794.00"
European Space Agency Paris,TESAT-SPACECOM GMBH & CO.KG,Gerberstrasse 49 71522 BACKNANG Germany,Sentinel 2 Satellites C/D Units construction,1/1/2019,12/31/2019,"20,059.00"
European Space Agency Paris,TESAT-SPACECOM GMBH & CO.KG,Gerberstrasse 49 71522 BACKNANG Germany,Sentinel-1 Satellites C/D Units Construction,1/1/2019,12/31/2019,"20,059.00"
European Space Agency Paris,TESAT-SPACECOM GMBH & CO.KG,Gerberstrasse 49 71522 BACKNANG Germany,SENTINEL-6 A/B - XBDA,1/1/2019,12/31/2019,"31,775.00"
European Space Agency Paris,THALES ALENIA SPACE ESPANA,C / EINSTEIN 7 (PTM) 28760 E-28760 TRES CANTOS -MADRID Spain,Sentinel 2 Satellites C/D Units construction,1/1/2019,12/31/2019,"65,000.00"
European Space Agency Paris,THALES ALENIA SPACE ESPANA,C / EINSTEIN 7 (PTM) 28760 E-28760 TRES CANTOS -MADRID Spain,SENTINEL-5 DSE ACTIVITY,1/1/2019,12/31/2019,"508,000.00"
European Space Agency Paris,THALES ALENIA SPACE FRANCE,AVENUE JEAN-FRANCOIS CHAMPOLLION 26 31100TOULOUSE France,SENTINEL-2 PAYLOAD DATA GROUND SEGMENT SYSTEM OPERATIONS MAINTENANCE ANDEVOLUTION,1/1/2019,12/31/2019,"3,000,000.00"
European Space Agency Paris,THALES ALENIA SPACE FRANCE,AVENUE JEAN-FRANCOIS CHAMPOLLION 26 31100TOULOUSE France,Sentinel-3 Satellites C/D Units construction,1/1/2019,12/31/2019,"1,713,117.00"
European Space Agency Paris,THALES ALENIA SPACE ITALIA SPA,VIA SACCOMURO 24 00131 ROME Italy,SENTINEL-1 - IN-ORBIT OPERATIONS  MAINTENANCE SUPPORT,1/1/2019,12/31/2019,"70,656.00"
European Space Agency Paris,THALES ALENIA SPACE ITALIA SPA,VIA SACCOMURO 24 00131 ROME Italy,Sentinel-1 Satellites C/D Units Construction,1/1/2019,12/31/2019,"2,003,222.00"
European Space Agency Paris,THALES ALENIA SPACE ITALIA SPA,VIA SACCOMURO 24 00131 ROME Italy,Sentinel-1 Satellites C/D Units Construction,1/1/2019,12/31/2019,"48,631.00"
European Space Agency Paris,TNO Netherlands Organisation for Applied Scientific Research,Anna van Buerenplein 1 2595 DA The Hague Netherlands,SENTINEL-5 PHASE B2 C/D E1 CALIBRATION ENGINEERING.,1/1/2019,12/31/2019,"800,000.00"
European Space Agency Paris,TNO Netherlands Organisation for Applied Scientific Research,Anna van Buerenplein 1 2595 DA The Hague Netherlands,SENTINEL-5 UV1 ACTIVITY,1/1/2019,12/31/2019,"29,702.00"
European Space Agency Paris,T-Systems International GmbH,HAHNSTRASSE 43 D 60528 FRANKFURT MAIN Germany,DATA CIRCULATION DISSEMINATION NETWORK AND SECURITY FOR THE SENTINELS SATELLITES,1/1/2019,12/31/2019,"7,130,925.01"
European Space Agency Paris,VISIOTERRA,Rue Albert Einstein 14 77420 Champs-sur-Marne France,SENTINEL VISION SERVICE,1/1/2019,12/31/2019,"95,596.00"
European Space Agency Paris,VITO VL.INST.TECHN.ONDERZOEK,BOERETANG 200 2400 MOL Belgium,COPERNICUS SPACE COMPONENT DATA ACCESS (CSC DA)  DATA WAREHOUSE,1/1/2019,12/31/2019,"329,165.00"
